time,obscuration,sun_alt_deg
19:00:00,0.0,23.144
19:00:10,0.0,23.112
19:00:20,0.0,23.081
19:00:30,0.0,23.049
19:00:40,0.0,23.018
19:00:50,0.0,22.986
19:01:00,0.0,22.955
19:01:10,0.0,22.923
19:01:20,0.0,22.891
19:01:30,0.0,22.86
19:01:40,0.0,22.828
19:01:50,0.0,22.797
19:02:00,0.0,22.765
19:02:10,0.0,22.733
19:02:20,0.0,22.702
19:02:30,0.0,22.67
19:02:40,0.0,22.639
19:02:50,0.0,22.607
19:03:00,0.0,22.575
19:03:10,0.0,22.544
19:03:20,0.0,22.512
19:03:30,0.0,22.481
19:03:40,0.0,22.449
19:03:50,0.0,22.417
19:04:00,0.0,22.386
19:04:10,0.0,22.354
19:04:20,0.0,22.323
19:04:30,0.0,22.291
19:04:40,0.0,22.259
19:04:50,0.0,22.228
19:05:00,0.0,22.196
19:05:10,0.0,22.165
19:05:20,0.0,22.133
19:05:30,0.0,22.102
19:05:40,0.0,22.07
19:05:50,0.0,22.038
19:06:00,0.0,22.007
19:06:10,0.0,21.975
19:06:20,0.0,21.944
19:06:30,0.0,21.912
19:06:40,0.0,21.88
19:06:50,0.0,21.849
19:07:00,0.0,21.817
19:07:10,0.0,21.786
19:07:20,0.0,21.754
19:07:30,0.0,21.722
19:07:40,0.0,21.691
19:07:50,0.0,21.659
19:08:00,0.0,21.628
19:08:10,0.0,21.596
19:08:20,0.0,21.565
19:08:30,0.0,21.533
19:08:40,0.0,21.501
19:08:50,0.0,21.47
19:09:00,0.0,21.438
19:09:10,0.0,21.407
19:09:20,0.0,21.375
19:09:30,0.0,21.343
19:09:40,0.0,21.312
19:09:50,0.0,21.28
19:10:00,0.0,21.249
19:10:10,0.0,21.217
19:10:20,0.0,21.186
19:10:30,0.0,21.154
19:10:40,0.0,21.122
19:10:50,0.0,21.091
19:11:00,0.0,21.059
19:11:10,0.0,21.028
19:11:20,0.0,20.996
19:11:30,0.0,20.964
19:11:40,0.0,20.933
19:11:50,0.0,20.901
19:12:00,0.0,20.87
19:12:10,0.0,20.838
19:12:20,0.0,20.807
19:12:30,0.0,20.775
19:12:40,0.0,20.743
19:12:50,0.0,20.712
19:13:00,0.0,20.68
19:13:10,0.0,20.649
19:13:20,0.0,20.617
19:13:30,0.0,20.586
19:13:40,0.0,20.554
19:13:50,0.0,20.522
19:14:00,0.0,20.491
19:14:10,0.0,20.459
19:14:20,0.0,20.428
19:14:30,0.0,20.396
19:14:40,0.0,20.365
19:14:50,0.0,20.333
19:15:00,0.0,20.301
19:15:10,0.0,20.27
19:15:20,0.0,20.238
19:15:30,0.0,20.207
19:15:40,0.0,20.175
19:15:50,0.0,20.144
19:16:00,0.0,20.112
19:16:10,0.0,20.08
19:16:20,0.0,20.049
19:16:30,0.0,20.017
19:16:40,0.0,19.986
19:16:50,0.0,19.954
19:17:00,0.0,19.923
19:17:10,0.0,19.891
19:17:20,0.0,19.86
19:17:30,0.0,19.828
19:17:40,0.0,19.796
19:17:50,0.0,19.765
19:18:00,0.0,19.733
19:18:10,0.0,19.702
19:18:20,0.0,19.67
19:18:30,0.0,19.639
19:18:40,0.0,19.607
19:18:50,0.0,19.576
19:19:00,0.0,19.544
19:19:10,0.0,19.512
19:19:20,0.0,19.481
19:19:30,0.0,19.449
19:19:40,0.0,19.418
19:19:50,0.0,19.386
19:20:00,0.0,19.355
19:20:10,0.0,19.323
19:20:20,0.0,19.292
19:20:30,0.0,19.26
19:20:40,0.0,19.229
19:20:50,0.0,19.197
19:21:00,0.0,19.165
19:21:10,0.0,19.134
19:21:20,0.0,19.102
19:21:30,0.0,19.071
19:21:40,0.0,19.039
19:21:50,0.0,19.008
19:22:00,0.0,18.976
19:22:10,0.0,18.945
19:22:20,0.0,18.913
19:22:30,0.0,18.882
19:22:40,0.0,18.85
19:22:50,0.0,18.819
19:23:00,0.0,18.787
19:23:10,0.0,18.755
19:23:20,0.0,18.724
19:23:30,0.0,18.692
19:23:40,0.0,18.661
19:23:50,0.0,18.629
19:24:00,0.0,18.598
19:24:10,0.0,18.566
19:24:20,0.0,18.535
19:24:30,0.0,18.503
19:24:40,0.0,18.472
19:24:50,0.0,18.44
19:25:00,0.0,18.409
19:25:10,0.0,18.377
19:25:20,0.0,18.346
19:25:30,0.0,18.314
19:25:40,0.0,18.283
19:25:50,0.0,18.251
19:26:00,0.0,18.22
19:26:10,0.0,18.188
19:26:20,0.0,18.157
19:26:30,0.0,18.125
19:26:40,0.0,18.094
19:26:50,0.0,18.062
19:27:00,0.0,18.031
19:27:10,0.0,17.999
19:27:20,0.0,17.968
19:27:30,0.0,17.936
19:27:40,0.0,17.905
19:27:50,0.0,17.873
19:28:00,0.0,17.842
19:28:10,0.0,17.81
19:28:20,0.0,17.779
19:28:30,0.0,17.747
19:28:40,0.0,17.716
19:28:50,0.0,17.684
19:29:00,0.0,17.653
19:29:10,0.0,17.621
19:29:20,0.0,17.59
19:29:30,0.0,17.558
19:29:40,0.0,17.527
19:29:50,0.0,17.495
19:30:00,0.0,17.464
19:30:10,0.0,17.432
19:30:20,0.0,17.401
19:30:30,0.0,17.369
19:30:40,0.0,17.338
19:30:50,0.0,17.306
19:31:00,0.0,17.275
19:31:10,0.0,17.243
19:31:20,0.0,17.212
19:31:30,0.0,17.18
19:31:40,0.0,17.149
19:31:50,0.0,17.117
19:32:00,0.0,17.086
19:32:10,0.0,17.054
19:32:20,0.0,17.023
19:32:30,0.0,16.991
19:32:40,0.0,16.96
19:32:50,0.0,16.928
19:33:00,0.0,16.897
19:33:10,0.0,16.866
19:33:20,0.0,16.834
19:33:30,0.0,16.803
19:33:40,0.0,16.771
19:33:50,0.0,16.74
19:34:00,0.0,16.708
19:34:10,0.0,16.677
19:34:20,0.0,16.645
19:34:30,0.0,16.614
19:34:40,0.0,16.582
19:34:50,0.0,16.551
19:35:00,0.0,16.52
19:35:10,0.0,16.488
19:35:20,0.0,16.457
19:35:30,0.0,16.425
19:35:40,0.0,16.394
19:35:50,0.0,16.362
19:36:00,0.0,16.331
19:36:10,0.0,16.299
19:36:20,2e-05,16.268
19:36:30,0.00027,16.237
19:36:40,0.00066,16.205
19:36:50,0.00115,16.174
19:37:00,0.00172,16.142
19:37:10,0.00236,16.111
19:37:20,0.00306,16.079
19:37:30,0.00382,16.048
19:37:40,0.00464,16.017
19:37:50,0.00551,15.985
19:38:00,0.00642,15.954
19:38:10,0.00738,15.922
19:38:20,0.00839,15.891
19:38:30,0.00943,15.859
19:38:40,0.01052,15.828
19:38:50,0.01164,15.797
19:39:00,0.0128,15.765
19:39:10,0.01399,15.734
19:39:20,0.01522,15.702
19:39:30,0.01649,15.671
19:39:40,0.01778,15.64
19:39:50,0.01911,15.608
19:40:00,0.02047,15.577
19:40:10,0.02186,15.545
19:40:20,0.02328,15.514
19:40:30,0.02473,15.483
19:40:40,0.0262,15.451
19:40:50,0.0277,15.42
19:41:00,0.02923,15.388
19:41:10,0.03079,15.357
19:41:20,0.03237,15.326
19:41:30,0.03398,15.294
19:41:40,0.03562,15.263
19:41:50,0.03727,15.231
19:42:00,0.03896,15.2
19:42:10,0.04066,15.169
19:42:20,0.04239,15.137
19:42:30,0.04415,15.106
19:42:40,0.04592,15.075
19:42:50,0.04772,15.043
19:43:00,0.04954,15.012
19:43:10,0.05138,14.98
19:43:20,0.05324,14.949
19:43:30,0.05513,14.918
19:43:40,0.05703,14.886
19:43:50,0.05896,14.855
19:44:00,0.06091,14.824
19:44:10,0.06287,14.792
19:44:20,0.06486,14.761
19:44:30,0.06687,14.73
19:44:40,0.06889,14.698
19:44:50,0.07093,14.667
19:45:00,0.073,14.635
19:45:10,0.07508,14.604
19:45:20,0.07718,14.573
19:45:30,0.0793,14.541
19:45:40,0.08144,14.51
19:45:50,0.08359,14.479
19:46:00,0.08576,14.447
19:46:10,0.08795,14.416
19:46:20,0.09016,14.385
19:46:30,0.09238,14.353
19:46:40,0.09463,14.322
19:46:50,0.09688,14.291
19:47:00,0.09916,14.259
19:47:10,0.10145,14.228
19:47:20,0.10376,14.197
19:47:30,0.10608,14.165
19:47:40,0.10842,14.134
19:47:50,0.11078,14.103
19:48:00,0.11315,14.071
19:48:10,0.11554,14.04
19:48:20,0.11794,14.009
19:48:30,0.12035,13.977
19:48:40,0.12279,13.946
19:48:50,0.12524,13.915
19:49:00,0.1277,13.884
19:49:10,0.13017,13.852
19:49:20,0.13267,13.821
19:49:30,0.13517,13.79
19:49:40,0.13769,13.758
19:49:50,0.14023,13.727
19:50:00,0.14278,13.696
19:50:10,0.14534,13.664
19:50:20,0.14792,13.633
19:50:30,0.15051,13.602
19:50:40,0.15311,13.571
19:50:50,0.15573,13.539
19:51:00,0.15836,13.508
19:51:10,0.16101,13.477
19:51:20,0.16367,13.445
19:51:30,0.16634,13.414
19:51:40,0.16902,13.383
19:51:50,0.17172,13.352
19:52:00,0.17443,13.32
19:52:10,0.17715,13.289
19:52:20,0.17989,13.258
19:52:30,0.18263,13.226
19:52:40,0.18539,13.195
19:52:50,0.18817,13.164
19:53:00,0.19095,13.133
19:53:10,0.19375,13.101
19:53:20,0.19656,13.07
19:53:30,0.19938,13.039
19:53:40,0.20221,13.008
19:53:50,0.20506,12.976
19:54:00,0.20791,12.945
19:54:10,0.21078,12.914
19:54:20,0.21366,12.883
19:54:30,0.21655,12.851
19:54:40,0.21945,12.82
19:54:50,0.22237,12.789
19:55:00,0.22529,12.758
19:55:10,0.22823,12.727
19:55:20,0.23118,12.695
19:55:30,0.23413,12.664
19:55:40,0.2371,12.633
19:55:50,0.24008,12.602
19:56:00,0.24307,12.57
19:56:10,0.24608,12.539
19:56:20,0.24909,12.508
19:56:30,0.25211,12.477
19:56:40,0.25514,12.446
19:56:50,0.25819,12.414
19:57:00,0.26124,12.383
19:57:10,0.2643,12.352
19:57:20,0.26738,12.321
19:57:30,0.27046,12.289
19:57:40,0.27356,12.258
19:57:50,0.27666,12.227
19:58:00,0.27978,12.196
19:58:10,0.2829,12.165
19:58:20,0.28603,12.134
19:58:30,0.28918,12.102
19:58:40,0.29233,12.071
19:58:50,0.29549,12.04
19:59:00,0.29866,12.009
19:59:10,0.30185,11.978
19:59:20,0.30504,11.946
19:59:30,0.30824,11.915
19:59:40,0.31145,11.884
19:59:50,0.31466,11.853
20:00:00,0.31789,11.822
20:00:10,0.32113,11.791
20:00:20,0.32438,11.759
20:00:30,0.32763,11.728
20:00:40,0.33089,11.697
20:00:50,0.33417,11.666
20:01:00,0.33745,11.635
20:01:10,0.34074,11.604
20:01:20,0.34404,11.572
20:01:30,0.34734,11.541
20:01:40,0.35066,11.51
20:01:50,0.35398,11.479
20:02:00,0.35731,11.448
20:02:10,0.36066,11.417
20:02:20,0.364,11.386
20:02:30,0.36736,11.355
20:02:40,0.37073,11.323
20:02:50,0.3741,11.292
20:03:00,0.37748,11.261
20:03:10,0.38087,11.23
20:03:20,0.38427,11.199
20:03:30,0.38768,11.168
20:03:40,0.39109,11.137
20:03:50,0.39451,11.106
20:04:00,0.39794,11.074
20:04:10,0.40138,11.043
20:04:20,0.40482,11.012
20:04:30,0.40827,10.981
20:04:40,0.41173,10.95
20:04:50,0.4152,10.919
20:05:00,0.41867,10.888
20:05:10,0.42215,10.857
20:05:20,0.42564,10.826
20:05:30,0.42914,10.795
20:05:40,0.43264,10.763
20:05:50,0.43615,10.732
20:06:00,0.43967,10.701
20:06:10,0.4432,10.67
20:06:20,0.44673,10.639
20:06:30,0.45027,10.608
20:06:40,0.45381,10.577
20:06:50,0.45736,10.546
20:07:00,0.46092,10.515
20:07:10,0.46449,10.484
20:07:20,0.46806,10.453
20:07:30,0.47164,10.422
20:07:40,0.47523,10.391
20:07:50,0.47882,10.36
20:08:00,0.48242,10.329
20:08:10,0.48603,10.298
20:08:20,0.48964,10.266
20:08:30,0.49326,10.235
20:08:40,0.49688,10.204
20:08:50,0.50051,10.173
20:09:00,0.50415,10.142
20:09:10,0.50779,10.111
20:09:20,0.51144,10.08
20:09:30,0.5151,10.049
20:09:40,0.51876,10.018
20:09:50,0.52243,9.987
20:10:00,0.5261,9.956
20:10:10,0.52978,9.925
20:10:20,0.53347,9.894
20:10:30,0.53716,9.863
20:10:40,0.54086,9.832
20:10:50,0.54456,9.801
20:11:00,0.54827,9.77
20:11:10,0.55198,9.739
20:11:20,0.5557,9.708
20:11:30,0.55943,9.677
20:11:40,0.56316,9.646
20:11:50,0.5669,9.615
20:12:00,0.57064,9.584
20:12:10,0.57439,9.553
20:12:20,0.57814,9.522
20:12:30,0.5819,9.491
20:12:40,0.58566,9.46
20:12:50,0.58943,9.429
20:13:00,0.5932,9.398
20:13:10,0.59698,9.367
20:13:20,0.60076,9.337
20:13:30,0.60455,9.306
20:13:40,0.60834,9.275
20:13:50,0.61214,9.244
20:14:00,0.61595,9.213
20:14:10,0.61975,9.182
20:14:20,0.62357,9.151
20:14:30,0.62738,9.12
20:14:40,0.63121,9.089
20:14:50,0.63503,9.058
20:15:00,0.63886,9.027
20:15:10,0.6427,8.996
20:15:20,0.64654,8.965
20:15:30,0.65039,8.934
20:15:40,0.65424,8.903
20:15:50,0.65809,8.872
20:16:00,0.66195,8.842
20:16:10,0.66581,8.811
20:16:20,0.66968,8.78
20:16:30,0.67355,8.749
20:16:40,0.67742,8.718
20:16:50,0.6813,8.687
20:17:00,0.68518,8.656
20:17:10,0.68907,8.625
20:17:20,0.69296,8.594
20:17:30,0.69685,8.564
20:17:40,0.70075,8.533
20:17:50,0.70466,8.502
20:18:00,0.70856,8.471
20:18:10,0.71247,8.44
20:18:20,0.71639,8.409
20:18:30,0.7203,8.378
20:18:40,0.72422,8.347
20:18:50,0.72815,8.317
20:19:00,0.73207,8.286
20:19:10,0.73601,8.255
20:19:20,0.73994,8.224
20:19:30,0.74388,8.193
20:19:40,0.74782,8.162
20:19:50,0.75176,8.131
20:20:00,0.75571,8.101
20:20:10,0.75966,8.07
20:20:20,0.76361,8.039
20:20:30,0.76757,8.008
20:20:40,0.77153,7.977
20:20:50,0.77549,7.946
20:21:00,0.77945,7.916
20:21:10,0.78342,7.885
20:21:20,0.78739,7.854
20:21:30,0.79136,7.823
20:21:40,0.79534,7.792
20:21:50,0.79932,7.762
20:22:00,0.8033,7.731
20:22:10,0.80728,7.7
20:22:20,0.81126,7.669
20:22:30,0.81525,7.638
20:22:40,0.81924,7.608
20:22:50,0.82323,7.577
20:23:00,0.82722,7.546
20:23:10,0.83122,7.515
20:23:20,0.83521,7.485
20:23:30,0.83921,7.454
20:23:40,0.84321,7.423
20:23:50,0.84721,7.392
20:24:00,0.85121,7.361
20:24:10,0.85522,7.331
20:24:20,0.85922,7.3
20:24:30,0.86323,7.269
20:24:40,0.86723,7.238
20:24:50,0.87124,7.208
20:25:00,0.87524,7.177
20:25:10,0.87925,7.146
20:25:20,0.88326,7.115
20:25:30,0.88726,7.085
20:25:40,0.89127,7.054
20:25:50,0.89527,7.023
20:26:00,0.89928,6.993
20:26:10,0.90328,6.962
20:26:20,0.90728,6.931
20:26:30,0.91128,6.9
20:26:40,0.91527,6.87
20:26:50,0.91926,6.839
20:27:00,0.92325,6.808
20:27:10,0.92723,6.778
20:27:20,0.93121,6.747
20:27:30,0.93518,6.716
20:27:40,0.93915,6.686
20:27:50,0.9431,6.655
20:28:00,0.94704,6.624
20:28:10,0.95097,6.594
20:28:20,0.95489,6.563
20:28:30,0.95878,6.532
20:28:40,0.96266,6.502
20:28:50,0.96651,6.471
20:29:00,0.97033,6.44
20:29:10,0.9741,6.41
20:29:20,0.97783,6.379
20:29:30,0.98149,6.348
20:29:40,0.98507,6.318
20:29:50,0.98853,6.287
20:30:00,0.99183,6.256
20:30:10,0.9949,6.226
20:30:20,0.9976,6.195
20:30:30,0.99962,6.164
20:30:40,1.0,6.134
20:30:50,1.0,6.103
20:31:00,1.0,6.073
20:31:10,1.0,6.042
20:31:20,1.0,6.011
20:31:30,1.0,5.981
20:31:40,1.0,5.95
20:31:50,1.0,5.92
20:32:00,1.0,5.889
20:32:10,1.0,5.858
20:32:20,0.9995,5.828
20:32:30,0.99739,5.797
20:32:40,0.99463,5.767
20:32:50,0.99152,5.736
20:33:00,0.98817,5.705
20:33:10,0.98466,5.675
20:33:20,0.98104,5.644
20:33:30,0.97734,5.614
20:33:40,0.97357,5.583
20:33:50,0.96975,5.553
20:34:00,0.96588,5.522
20:34:10,0.96199,5.492
20:34:20,0.95806,5.461
20:34:30,0.95412,5.43
20:34:40,0.95015,5.4
20:34:50,0.94617,5.369
20:35:00,0.94218,5.339
20:35:10,0.93817,5.308
20:35:20,0.93415,5.278
20:35:30,0.93012,5.247
20:35:40,0.92609,5.217
20:35:50,0.92204,5.186
20:36:00,0.91799,5.156
20:36:10,0.91394,5.125
20:36:20,0.90988,5.095
20:36:30,0.90582,5.064
20:36:40,0.90175,5.034
20:36:50,0.89768,5.003
20:37:00,0.89361,4.973
20:37:10,0.88953,4.942
20:37:20,0.88546,4.912
20:37:30,0.88138,4.881
20:37:40,0.87729,4.851
20:37:50,0.87321,4.82
20:38:00,0.86913,4.79
20:38:10,0.86504,4.76
20:38:20,0.86096,4.729
20:38:30,0.85687,4.699
20:38:40,0.85278,4.668
20:38:50,0.8487,4.638
20:39:00,0.84461,4.607
20:39:10,0.84052,4.577
20:39:20,0.83643,4.546
20:39:30,0.83234,4.516
20:39:40,0.82826,4.486
20:39:50,0.82417,4.455
20:40:00,0.82008,4.425
20:40:10,0.816,4.394
20:40:20,0.81191,4.364
20:40:30,0.80783,4.334
20:40:40,0.80374,4.303
20:40:50,0.79966,4.273
20:41:00,0.79558,4.242
20:41:10,0.7915,4.212
20:41:20,0.78742,4.182
20:41:30,0.78334,4.151
20:41:40,0.77926,4.121
20:41:50,0.77519,4.09
20:42:00,0.77111,4.06
20:42:10,0.76704,4.03
20:42:20,0.76297,3.999
20:42:30,0.7589,3.969
20:42:40,0.75483,3.939
20:42:50,0.75077,3.908
20:43:00,0.7467,3.878
20:43:10,0.74264,3.848
20:43:20,0.73858,3.817
20:43:30,0.73452,3.787
20:43:40,0.73047,3.757
20:43:50,0.72641,3.726
20:44:00,0.72236,3.696
20:44:10,0.71831,3.666
20:44:20,0.71426,3.635
20:44:30,0.71022,3.605
20:44:40,0.70618,3.575
20:44:50,0.70214,3.545
20:45:00,0.6981,3.514
20:45:10,0.69406,3.484
20:45:20,0.69003,3.454
20:45:30,0.686,3.423
20:45:40,0.68198,3.393
20:45:50,0.67795,3.363
20:46:00,0.67393,3.333
20:46:10,0.66991,3.302
20:46:20,0.6659,3.272
20:46:30,0.66189,3.242
20:46:40,0.65788,3.212
20:46:50,0.65387,3.181
20:47:00,0.64987,3.151
20:47:10,0.64587,3.121
20:47:20,0.64188,3.091
20:47:30,0.63788,3.06
20:47:40,0.63389,3.03
20:47:50,0.62991,3.0
20:48:00,0.62593,2.97
20:48:10,0.62195,2.94
20:48:20,0.61798,2.909
20:48:30,0.614,2.879
20:48:40,0.61004,2.849
20:48:50,0.60607,2.819
20:49:00,0.60212,2.789
20:49:10,0.59816,2.758
20:49:20,0.59421,2.728
20:49:30,0.59026,2.698
20:49:40,0.58632,2.668
20:49:50,0.58238,2.638
20:50:00,0.57845,2.607
20:50:10,0.57452,2.577
20:50:20,0.57059,2.547
20:50:30,0.56667,2.517
20:50:40,0.56275,2.487
20:50:50,0.55884,2.457
20:51:00,0.55493,2.427
20:51:10,0.55103,2.396
20:51:20,0.54713,2.366
20:51:30,0.54324,2.336
20:51:40,0.53935,2.306
20:51:50,0.53546,2.276
20:52:00,0.53158,2.246
20:52:10,0.52771,2.216
20:52:20,0.52384,2.186
20:52:30,0.51998,2.156
20:52:40,0.51612,2.125
20:52:50,0.51227,2.095
20:53:00,0.50842,2.065
20:53:10,0.50458,2.035
20:53:20,0.50074,2.005
20:53:30,0.49691,1.975
20:53:40,0.49308,1.945
20:53:50,0.48926,1.915
20:54:00,0.48545,1.885
20:54:10,0.48164,1.855
20:54:20,0.47783,1.825
20:54:30,0.47404,1.795
20:54:40,0.47024,1.765
20:54:50,0.46646,1.735
20:55:00,0.46268,1.705
20:55:10,0.45891,1.675
20:55:20,0.45514,1.645
20:55:30,0.45138,1.615
20:55:40,0.44762,1.585
20:55:50,0.44388,1.555
20:56:00,0.44013,1.525
20:56:10,0.4364,1.495
20:56:20,0.43267,1.465
20:56:30,0.42895,1.435
20:56:40,0.42523,1.405
20:56:50,0.42153,1.375
20:57:00,0.41783,1.345
20:57:10,0.41413,1.315
20:57:20,0.41044,1.285
20:57:30,0.40676,1.255
20:57:40,0.40309,1.225
20:57:50,0.39942,1.195
20:58:00,0.39577,1.165
20:58:10,0.39212,1.135
20:58:20,0.38847,1.105
20:58:30,0.38484,1.075
20:58:40,0.38121,1.045
20:58:50,0.37759,1.015
20:59:00,0.37397,0.985
20:59:10,0.37037,0.955
20:59:20,0.36677,0.926
20:59:30,0.36318,0.896
20:59:40,0.3596,0.866
20:59:50,0.35603,0.836
21:00:00,0.35246,0.806
21:00:10,0.34891,0.776
21:00:20,0.34536,0.746
21:00:30,0.34182,0.716
21:00:40,0.33829,0.686
21:00:50,0.33477,0.657
21:01:00,0.33125,0.627
21:01:10,0.32775,0.597
21:01:20,0.32425,0.567
21:01:30,0.32077,0.537
21:01:40,0.31729,0.507
21:01:50,0.31382,0.478
21:02:00,0.31036,0.448
21:02:10,0.30691,0.418
21:02:20,0.30347,0.388
21:02:30,0.30004,0.358
21:02:40,0.29662,0.328
21:02:50,0.2932,0.299
21:03:00,0.2898,0.269
21:03:10,0.28641,0.239
21:03:20,0.28303,0.209
21:03:30,0.27966,0.179
21:03:40,0.27629,0.15
21:03:50,0.27294,0.12
21:04:00,0.2696,0.09
21:04:10,0.26627,0.06
21:04:20,0.26295,0.031
21:04:30,0.25964,0.001
21:04:40,0.25634,-0.029
21:04:50,0.25305,-0.059
21:05:00,0.24978,-0.088
21:05:10,0.24651,-0.118
21:05:20,0.24326,-0.148
21:05:30,0.24001,-0.178
21:05:40,0.23678,-0.207
21:05:50,0.23356,-0.237
21:06:00,0.23035,-0.267
21:06:10,0.22715,-0.296
21:06:20,0.22397,-0.326
21:06:30,0.22079,-0.356
21:06:40,0.21763,-0.385
21:06:50,0.21448,-0.415
21:07:00,0.21135,-0.445
21:07:10,0.20822,-0.474
21:07:20,0.20511,-0.504
21:07:30,0.20201,-0.534
21:07:40,0.19893,-0.563
21:07:50,0.19585,-0.593
21:08:00,0.19279,-0.623
21:08:10,0.18975,-0.652
21:08:20,0.18671,-0.682
21:08:30,0.18369,-0.712
21:08:40,0.18069,-0.741
21:08:50,0.1777,-0.771
21:09:00,0.17472,-0.801
21:09:10,0.17175,-0.83
21:09:20,0.1688,-0.86
21:09:30,0.16587,-0.889
21:09:40,0.16294,-0.919
21:09:50,0.16004,-0.949
21:10:00,0.15715,-0.978
21:10:10,0.15427,-1.008
21:10:20,0.15141,-1.037
21:10:30,0.14856,-1.067
21:10:40,0.14573,-1.096
21:10:50,0.14291,-1.126
21:11:00,0.14011,-1.155
21:11:10,0.13733,-1.185
21:11:20,0.13456,-1.215
21:11:30,0.13181,-1.244
21:11:40,0.12908,-1.274
21:11:50,0.12636,-1.303
21:12:00,0.12366,-1.333
21:12:10,0.12097,-1.362
21:12:20,0.11831,-1.392
21:12:30,0.11566,-1.421
21:12:40,0.11303,-1.451
21:12:50,0.11041,-1.48
21:13:00,0.10782,-1.51
21:13:10,0.10524,-1.539
21:13:20,0.10268,-1.569
21:13:30,0.10014,-1.598
21:13:40,0.09762,-1.628
21:13:50,0.09512,-1.657
21:14:00,0.09264,-1.686
21:14:10,0.09017,-1.716
21:14:20,0.08773,-1.745
21:14:30,0.08531,-1.775
21:14:40,0.08291,-1.804
21:14:50,0.08053,-1.834
21:15:00,0.07817,-1.863
21:15:10,0.07583,-1.893
21:15:20,0.07352,-1.922
21:15:30,0.07122,-1.951
21:15:40,0.06895,-1.981
21:15:50,0.0667,-2.01
21:16:00,0.06448,-2.04
21:16:10,0.06227,-2.069
21:16:20,0.06009,-2.098
21:16:30,0.05794,-2.128
21:16:40,0.05581,-2.157
21:16:50,0.0537,-2.186
21:17:00,0.05162,-2.216
21:17:10,0.04957,-2.245
21:17:20,0.04754,-2.274
21:17:30,0.04554,-2.304
21:17:40,0.04357,-2.333
21:17:50,0.04162,-2.362
21:18:00,0.0397,-2.392
21:18:10,0.03781,-2.421
21:18:20,0.03595,-2.45
21:18:30,0.03412,-2.48
21:18:40,0.03233,-2.509
21:18:50,0.03056,-2.538
21:19:00,0.02882,-2.568
21:19:10,0.02712,-2.597
21:19:20,0.02545,-2.626
21:19:30,0.02381,-2.655
21:19:40,0.02221,-2.685
21:19:50,0.02065,-2.714
21:20:00,0.01912,-2.743
21:20:10,0.01764,-2.772
21:20:20,0.01619,-2.802
21:20:30,0.01478,-2.831
21:20:40,0.01341,-2.86
21:20:50,0.01209,-2.889
21:21:00,0.01081,-2.919
21:21:10,0.00959,-2.948
21:21:20,0.00841,-2.977
21:21:30,0.00728,-3.006
21:21:40,0.00621,-3.035
21:21:50,0.00519,-3.064
21:22:00,0.00424,-3.094
21:22:10,0.00335,-3.123
21:22:20,0.00253,-3.152
21:22:30,0.0018,-3.181
21:22:40,0.00115,-3.21
21:22:50,0.00061,-3.239
21:23:00,0.00019,-3.269
21:23:10,0.0,-3.298
21:23:20,0.0,-3.327
21:23:30,0.0,-3.356
21:23:40,0.0,-3.385
21:23:50,0.0,-3.414
21:24:00,0.0,-3.443
21:24:10,0.0,-3.472
21:24:20,0.0,-3.502
21:24:30,0.0,-3.531
21:24:40,0.0,-3.56
21:24:50,0.0,-3.589
21:25:00,0.0,-3.618
21:25:10,0.0,-3.647
21:25:20,0.0,-3.676
21:25:30,0.0,-3.705
21:25:40,0.0,-3.734
21:25:50,0.0,-3.763
21:26:00,0.0,-3.792
21:26:10,0.0,-3.821
21:26:20,0.0,-3.85
21:26:30,0.0,-3.879
21:26:40,0.0,-3.908
21:26:50,0.0,-3.937
21:27:00,0.0,-3.966
21:27:10,0.0,-3.995
21:27:20,0.0,-4.024
21:27:30,0.0,-4.053
21:27:40,0.0,-4.082
21:27:50,0.0,-4.111
21:28:00,0.0,-4.14
21:28:10,0.0,-4.169
21:28:20,0.0,-4.198
21:28:30,0.0,-4.227
21:28:40,0.0,-4.256
21:28:50,0.0,-4.285
21:29:00,0.0,-4.314
21:29:10,0.0,-4.343
21:29:20,0.0,-4.372
21:29:30,0.0,-4.401
21:29:40,0.0,-4.43
21:29:50,0.0,-4.458
21:30:00,0.0,-4.487
