time,temp_c,rh_pct,rh_thermal_pct,dew_c,ah_gm3
2026-08-12 19:26:07,35.30,25.30,21.70,12.47,10.18
2026-08-12 19:26:17,35.40,20.50,21.58,9.38,8.29
2026-08-12 19:26:27,35.40,21.90,21.58,10.37,8.86
2026-08-12 19:26:37,35.50,21.00,21.46,9.82,8.54
2026-08-12 19:26:47,35.60,20.80,21.34,9.76,8.50
2026-08-12 19:26:57,35.70,20.50,21.22,9.63,8.42
2026-08-12 19:27:07,35.80,20.90,21.11,10.00,8.63
2026-08-12 19:27:17,35.80,20.90,21.11,10.00,8.63
2026-08-12 19:27:27,36.00,21.00,20.87,10.24,8.76
2026-08-12 19:27:37,36.00,20.50,20.87,9.88,8.55
2026-08-12 19:27:47,36.10,20.20,20.76,9.74,8.47
2026-08-12 19:27:57,36.20,20.50,20.65,10.04,8.64
2026-08-12 19:28:07,36.30,20.70,20.53,10.27,8.77
2026-08-12 19:28:17,36.40,20.60,20.42,10.28,8.77
2026-08-12 19:28:27,36.50,20.60,20.31,10.36,8.82
2026-08-12 19:28:37,36.50,20.40,20.31,10.21,8.73
2026-08-12 19:28:47,36.60,20.40,20.20,10.30,8.78
2026-08-12 19:28:57,36.70,20.10,20.09,10.16,8.70
2026-08-12 19:29:07,36.70,19.70,20.09,9.86,8.52
2026-08-12 19:29:17,36.80,19.20,19.98,9.55,8.35
2026-08-12 19:29:27,36.80,19.50,19.98,9.78,8.48
2026-08-12 19:29:37,36.90,20.30,19.87,10.47,8.87
2026-08-12 19:29:47,36.90,20.50,19.87,10.62,8.96
2026-08-12 19:29:57,37.00,20.10,19.76,10.40,8.83
2026-08-12 19:30:07,37.00,19.50,19.76,9.95,8.57
2026-08-12 19:30:17,37.10,19.80,19.65,10.26,8.74
2026-08-12 19:30:27,37.10,19.90,19.65,10.33,8.79
2026-08-12 19:30:37,37.10,19.60,19.65,10.11,8.66
2026-08-12 19:30:47,37.10,19.10,19.65,9.72,8.43
2026-08-12 19:30:57,37.20,19.60,19.54,10.19,8.70
2026-08-12 19:31:07,37.20,19.60,19.54,10.19,8.70
2026-08-12 19:31:17,37.20,19.60,19.54,10.19,8.70
2026-08-12 19:31:27,37.30,19.60,19.44,10.27,8.74
2026-08-12 19:31:37,37.30,19.70,19.44,10.35,8.79
2026-08-12 19:31:47,37.30,19.90,19.44,10.50,8.88
2026-08-12 19:31:57,37.40,19.20,19.33,10.04,8.61
2026-08-12 19:32:07,37.40,19.40,19.33,10.20,8.70
2026-08-12 19:32:17,37.40,19.30,19.33,10.12,8.66
2026-08-12 19:32:27,37.50,19.40,19.23,10.28,8.75
2026-08-12 19:32:37,37.50,19.60,19.23,10.43,8.84
2026-08-12 19:32:47,37.50,19.70,19.23,10.51,8.88
2026-08-12 19:32:57,37.60,19.60,19.12,10.51,8.88
2026-08-12 19:33:07,37.60,19.80,19.12,10.67,8.97
2026-08-12 19:33:17,37.60,19.20,19.12,10.20,8.70
2026-08-12 19:33:27,37.70,19.00,19.02,10.13,8.65
2026-08-12 19:33:37,37.70,18.60,19.02,9.81,8.47
2026-08-12 19:33:47,37.70,18.20,19.02,9.49,8.29
2026-08-12 19:33:57,37.70,18.50,19.02,9.73,8.43
2026-08-12 19:34:07,37.70,18.40,19.02,9.65,8.38
2026-08-12 19:34:17,37.70,18.70,19.02,9.89,8.52
2026-08-12 19:34:27,37.70,19.10,19.02,10.21,8.70
2026-08-12 19:34:37,37.70,18.80,19.02,9.97,8.56
2026-08-12 19:34:47,37.70,18.30,19.02,9.57,8.33
2026-08-12 19:34:57,37.70,18.50,19.02,9.73,8.43
2026-08-12 19:35:07,37.70,18.40,19.02,9.65,8.38
2026-08-12 19:35:17,37.60,18.20,19.12,9.41,8.25
2026-08-12 19:35:27,37.70,18.50,19.02,9.73,8.43
2026-08-12 19:35:37,37.60,18.50,19.12,9.65,8.38
2026-08-12 19:35:47,37.60,18.50,19.12,9.65,8.38
2026-08-12 19:35:57,37.60,18.80,19.12,9.89,8.52
2026-08-12 19:36:07,37.60,18.60,19.12,9.73,8.43
2026-08-12 19:36:17,37.60,17.90,19.12,9.16,8.11
2026-08-12 19:36:27,37.60,18.00,19.12,9.24,8.16
2026-08-12 19:36:37,37.50,17.70,19.23,8.91,7.98
2026-08-12 19:36:47,37.50,17.60,19.23,8.83,7.93
2026-08-12 19:36:57,37.50,17.40,19.23,8.66,7.84
2026-08-12 19:37:07,37.40,17.60,19.33,8.75,7.89
2026-08-12 19:37:17,37.40,17.70,19.33,8.83,7.94
2026-08-12 19:37:27,37.40,18.10,19.33,9.16,8.12
2026-08-12 19:37:37,37.40,18.10,19.33,9.16,8.12
2026-08-12 19:37:47,37.30,18.40,19.44,9.33,8.21
2026-08-12 19:37:57,37.30,18.70,19.44,9.57,8.34
2026-08-12 19:38:07,37.30,18.40,19.44,9.33,8.21
2026-08-12 19:38:17,37.30,18.10,19.44,9.08,8.08
2026-08-12 19:38:27,37.30,17.50,19.44,8.58,7.81
2026-08-12 19:38:37,37.30,17.90,19.44,8.92,7.99
2026-08-12 19:38:47,37.30,17.90,19.44,8.92,7.99
2026-08-12 19:38:57,37.20,17.40,19.54,8.42,7.72
2026-08-12 19:39:07,37.20,17.50,19.54,8.50,7.77
2026-08-12 19:39:17,37.20,18.50,19.54,9.33,8.21
2026-08-12 19:39:27,37.20,17.60,19.54,8.59,7.81
2026-08-12 19:39:37,37.20,18.40,19.54,9.24,8.17
2026-08-12 19:39:47,37.20,17.70,19.54,8.67,7.86
2026-08-12 19:39:57,37.20,18.00,19.54,8.92,7.99
2026-08-12 19:40:07,37.20,18.60,19.54,9.41,8.26
2026-08-12 19:40:17,37.20,18.50,19.54,9.33,8.21
2026-08-12 19:40:27,37.20,18.40,19.54,9.24,8.17
2026-08-12 19:40:37,37.10,17.50,19.65,8.42,7.73
2026-08-12 19:40:47,37.10,17.80,19.65,8.67,7.86
2026-08-12 19:40:57,37.00,17.80,19.76,8.59,7.82
2026-08-12 19:41:07,37.00,17.60,19.76,8.42,7.73
2026-08-12 19:41:17,37.00,18.20,19.76,8.92,8.00
2026-08-12 19:41:27,36.90,18.10,19.87,8.76,7.91
2026-08-12 19:41:37,36.80,18.20,19.98,8.76,7.91
2026-08-12 19:41:47,36.80,18.00,19.98,8.59,7.83
2026-08-12 19:41:57,36.80,18.50,19.98,9.00,8.04
2026-08-12 19:42:07,36.90,18.20,19.87,8.84,7.96
2026-08-12 19:42:17,36.90,18.50,19.87,9.08,8.09
2026-08-12 19:42:27,36.90,17.80,19.87,8.51,7.78
2026-08-12 19:42:37,36.90,18.20,19.87,8.84,7.96
2026-08-12 19:42:47,36.90,18.00,19.87,8.68,7.87
2026-08-12 19:42:57,36.80,18.10,19.98,8.68,7.87
2026-08-12 19:43:07,36.80,18.30,19.98,8.84,7.96
2026-08-12 19:43:17,36.80,18.30,19.98,8.84,7.96
2026-08-12 19:43:27,36.80,18.30,19.98,8.84,7.96
2026-08-12 19:43:37,36.80,18.80,19.98,9.24,8.18
2026-08-12 19:43:47,36.80,19.10,19.98,9.48,8.31
2026-08-12 19:43:57,36.70,18.40,20.09,8.84,7.96
2026-08-12 19:44:07,36.70,18.70,20.09,9.08,8.09
2026-08-12 19:44:17,36.70,18.50,20.09,8.92,8.00
2026-08-12 19:44:27,36.70,18.70,20.09,9.08,8.09
2026-08-12 19:44:37,36.70,18.80,20.09,9.16,8.13
2026-08-12 19:44:47,36.60,18.60,20.20,8.92,8.01
2026-08-12 19:44:57,36.60,18.90,20.20,9.16,8.13
2026-08-12 19:45:07,36.60,19.20,20.20,9.39,8.26
2026-08-12 19:45:17,36.60,18.20,20.20,8.60,7.83
2026-08-12 19:45:27,36.60,18.00,20.20,8.43,7.75
2026-08-12 19:45:37,36.60,18.20,20.20,8.60,7.83
2026-08-12 19:45:47,36.60,18.20,20.20,8.60,7.83
2026-08-12 19:45:57,36.60,18.70,20.20,9.00,8.05
2026-08-12 19:46:07,36.60,19.00,20.20,9.23,8.18
2026-08-12 19:46:17,36.60,18.90,20.20,9.16,8.13
2026-08-12 19:46:27,36.60,18.80,20.20,9.08,8.09
2026-08-12 19:46:37,36.60,18.80,20.20,9.08,8.09
2026-08-12 19:46:47,36.60,18.40,20.20,8.76,7.92
2026-08-12 19:46:57,36.60,18.70,20.20,9.00,8.05
2026-08-12 19:47:07,36.60,18.80,20.20,9.08,8.09
2026-08-12 19:47:17,36.60,18.90,20.20,9.16,8.13
2026-08-12 19:47:27,36.50,19.00,20.31,9.15,8.14
2026-08-12 19:47:37,36.50,18.30,20.31,8.60,7.84
2026-08-12 19:47:47,36.50,19.00,20.31,9.15,8.14
2026-08-12 19:47:57,36.50,18.70,20.31,8.92,8.01
2026-08-12 19:48:07,36.50,18.70,20.31,8.92,8.01
2026-08-12 19:48:17,36.40,18.70,20.42,8.84,7.97
2026-08-12 19:48:27,36.40,19.10,20.42,9.15,8.14
2026-08-12 19:48:37,36.40,19.00,20.42,9.07,8.09
2026-08-12 19:48:47,36.30,18.70,20.53,8.75,7.92
2026-08-12 19:48:57,36.30,18.80,20.53,8.83,7.97
2026-08-12 19:49:07,36.30,19.20,20.53,9.15,8.14
2026-08-12 19:49:17,36.30,19.10,20.53,9.07,8.09
2026-08-12 19:49:27,36.20,18.90,20.65,8.83,7.97
2026-08-12 19:49:37,36.20,19.00,20.65,8.91,8.01
2026-08-12 19:49:47,36.20,18.90,20.65,8.83,7.97
2026-08-12 19:49:57,36.10,19.00,20.76,8.83,7.97
2026-08-12 19:50:07,36.10,19.20,20.76,8.98,8.05
2026-08-12 19:50:17,36.00,18.60,20.87,8.43,7.76
2026-08-12 19:50:27,36.00,18.90,20.87,8.67,7.89
2026-08-12 19:50:37,35.90,18.60,20.99,8.35,7.72
2026-08-12 19:50:47,35.90,18.80,20.99,8.51,7.80
2026-08-12 19:50:57,35.90,19.30,20.99,8.90,8.01
2026-08-12 19:51:07,35.90,19.00,20.99,8.66,7.89
2026-08-12 19:51:17,35.80,19.20,21.11,8.74,7.93
2026-08-12 19:51:27,35.80,19.20,21.11,8.74,7.93
2026-08-12 19:51:37,35.70,19.00,21.22,8.50,7.80
2026-08-12 19:51:47,35.70,19.00,21.22,8.50,7.80
2026-08-12 19:51:57,35.70,19.00,21.22,8.50,7.80
2026-08-12 19:52:07,35.60,19.40,21.34,8.73,7.93
2026-08-12 19:52:17,35.60,18.80,21.34,8.26,7.68
2026-08-12 19:52:27,35.60,19.50,21.34,8.80,7.97
2026-08-12 19:52:37,35.50,19.80,21.46,8.95,8.05
2026-08-12 19:52:47,35.50,19.70,21.46,8.87,8.01
2026-08-12 19:52:57,35.50,19.60,21.46,8.80,7.97
2026-08-12 19:53:07,35.50,19.20,21.46,8.49,7.81
2026-08-12 19:53:17,35.40,19.50,21.58,8.64,7.89
2026-08-12 19:53:27,35.40,20.00,21.58,9.02,8.09
2026-08-12 19:53:37,35.40,19.60,21.58,8.72,7.93
2026-08-12 19:53:47,35.30,19.80,21.70,8.79,7.97
2026-08-12 19:53:57,35.30,19.80,21.70,8.79,7.97
2026-08-12 19:54:07,35.30,19.70,21.70,8.71,7.93
2026-08-12 19:54:17,35.30,20.10,21.70,9.01,8.09
2026-08-12 19:54:27,35.20,19.90,21.82,8.78,7.96
2026-08-12 19:54:37,35.20,19.80,21.82,8.70,7.92
2026-08-12 19:54:47,35.20,19.80,21.82,8.70,7.92
2026-08-12 19:54:57,35.10,20.20,21.94,8.92,8.04
2026-08-12 19:55:07,35.10,19.70,21.94,8.55,7.84
2026-08-12 19:55:17,35.10,19.40,21.94,8.32,7.72
2026-08-12 19:55:27,35.00,19.50,22.06,8.31,7.72
2026-08-12 19:55:37,35.00,19.60,22.06,8.39,7.76
2026-08-12 19:55:47,35.00,19.80,22.06,8.54,7.84
2026-08-12 19:55:57,34.90,19.60,22.18,8.31,7.72
2026-08-12 19:56:07,34.90,19.80,22.18,8.46,7.80
2026-08-12 19:56:17,34.90,19.70,22.18,8.38,7.76
2026-08-12 19:56:27,34.80,19.90,22.31,8.45,7.80
2026-08-12 19:56:37,34.80,20.00,22.31,8.52,7.84
2026-08-12 19:56:47,34.80,20.60,22.31,8.96,8.07
2026-08-12 19:56:57,34.80,20.70,22.31,9.03,8.11
2026-08-12 19:57:07,34.70,20.50,22.43,8.81,7.99
2026-08-12 19:57:17,34.70,20.60,22.43,8.88,8.03
2026-08-12 19:57:27,34.70,20.10,22.43,8.52,7.84
2026-08-12 19:57:37,34.70,20.40,22.43,8.74,7.95
2026-08-12 19:57:47,34.70,20.90,22.43,9.09,8.15
2026-08-12 19:57:57,34.70,20.70,22.43,8.95,8.07
2026-08-12 19:58:07,34.70,20.10,22.43,8.52,7.84
2026-08-12 19:58:17,34.60,20.60,22.56,8.80,7.99
2026-08-12 19:58:27,34.60,19.90,22.56,8.29,7.72
2026-08-12 19:58:37,34.60,20.30,22.56,8.58,7.87
2026-08-12 19:58:47,34.50,19.50,22.68,7.91,7.52
2026-08-12 19:58:57,34.50,19.70,22.68,8.06,7.60
2026-08-12 19:59:07,34.50,20.40,22.68,8.57,7.87
2026-08-12 19:59:17,34.50,20.70,22.68,8.79,7.99
2026-08-12 19:59:27,34.40,20.40,22.81,8.49,7.83
2026-08-12 19:59:37,34.40,20.20,22.81,8.34,7.75
2026-08-12 19:59:47,34.40,20.50,22.81,8.56,7.87
2026-08-12 19:59:57,34.30,20.50,22.94,8.48,7.83
2026-08-12 20:00:07,34.30,20.30,22.94,8.33,7.75
2026-08-12 20:00:17,34.30,20.10,22.94,8.19,7.67
2026-08-12 20:00:27,34.20,20.00,23.06,8.03,7.60
2026-08-12 20:00:37,34.20,19.70,23.06,7.81,7.48
2026-08-12 20:00:47,34.20,19.90,23.06,7.96,7.56
2026-08-12 20:00:57,34.10,20.90,23.19,8.60,7.90
2026-08-12 20:01:07,34.10,20.50,23.19,8.31,7.75
2026-08-12 20:01:17,34.10,20.20,23.19,8.10,7.63
2026-08-12 20:01:27,34.10,20.80,23.19,8.53,7.86
2026-08-12 20:01:37,34.00,21.00,23.32,8.59,7.89
2026-08-12 20:01:47,34.00,20.30,23.32,8.09,7.63
2026-08-12 20:01:57,34.00,20.40,23.32,8.16,7.67
2026-08-12 20:02:07,34.00,21.40,23.32,8.87,8.04
2026-08-12 20:02:17,33.90,20.80,23.45,8.36,7.78
2026-08-12 20:02:27,33.90,21.10,23.45,8.58,7.89
2026-08-12 20:02:37,33.90,20.50,23.45,8.15,7.66
2026-08-12 20:02:47,33.80,21.20,23.59,8.56,7.88
2026-08-12 20:02:57,33.80,20.80,23.59,8.28,7.74
2026-08-12 20:03:07,33.80,21.20,23.59,8.56,7.88
2026-08-12 20:03:17,33.70,20.80,23.72,8.20,7.69
2026-08-12 20:03:27,33.70,20.70,23.72,8.13,7.66
2026-08-12 20:03:37,33.70,20.90,23.72,8.27,7.73
2026-08-12 20:03:47,33.60,20.60,23.85,7.97,7.58
2026-08-12 20:03:57,33.60,20.60,23.85,7.97,7.58
2026-08-12 20:04:07,33.50,20.80,23.99,8.03,7.61
2026-08-12 20:04:17,33.50,21.40,23.99,8.45,7.83
2026-08-12 20:04:27,33.50,21.40,23.99,8.45,7.83
2026-08-12 20:04:37,33.50,21.40,23.99,8.45,7.83
2026-08-12 20:04:47,33.50,21.20,23.99,8.32,7.76
2026-08-12 20:04:57,33.40,21.20,24.12,8.23,7.72
2026-08-12 20:05:07,33.40,21.50,24.12,8.44,7.83
2026-08-12 20:05:17,33.40,20.80,24.12,7.95,7.57
2026-08-12 20:05:27,33.40,21.80,24.12,8.64,7.94
2026-08-12 20:05:37,33.30,21.60,24.26,8.43,7.82
2026-08-12 20:05:47,33.30,21.80,24.26,8.56,7.90
2026-08-12 20:05:57,33.20,21.40,24.39,8.21,7.71
2026-08-12 20:06:07,33.20,21.90,24.39,8.55,7.89
2026-08-12 20:06:17,33.20,21.60,24.39,8.34,7.78
2026-08-12 20:06:27,33.20,21.10,24.39,8.00,7.60
2026-08-12 20:06:37,33.10,20.90,24.53,7.77,7.49
2026-08-12 20:06:47,33.10,21.20,24.53,7.98,7.60
2026-08-12 20:06:57,33.00,21.50,24.67,8.11,7.66
2026-08-12 20:07:07,33.00,21.60,24.67,8.18,7.70
2026-08-12 20:07:17,33.00,21.60,24.67,8.18,7.70
2026-08-12 20:07:27,33.00,22.00,24.67,8.45,7.84
2026-08-12 20:07:37,32.90,21.80,24.81,8.23,7.73
2026-08-12 20:07:47,32.80,22.10,24.95,8.35,7.80
2026-08-12 20:07:57,32.80,21.60,24.95,8.01,7.62
2026-08-12 20:08:07,32.80,21.80,24.95,8.15,7.69
2026-08-12 20:08:17,32.70,21.70,25.09,8.00,7.61
2026-08-12 20:08:27,32.70,21.80,25.09,8.06,7.65
2026-08-12 20:08:37,32.60,21.90,25.23,8.05,7.64
2026-08-12 20:08:47,32.60,22.10,25.23,8.18,7.71
2026-08-12 20:08:57,32.60,22.00,25.23,8.12,7.68
2026-08-12 20:09:07,32.50,22.30,25.37,8.23,7.74
2026-08-12 20:09:17,32.50,22.30,25.37,8.23,7.74
2026-08-12 20:09:27,32.50,22.40,25.37,8.30,7.78
2026-08-12 20:09:37,32.40,21.90,25.52,7.88,7.56
2026-08-12 20:09:47,32.40,22.10,25.52,8.02,7.63
2026-08-12 20:09:57,32.30,22.00,25.66,7.87,7.56
2026-08-12 20:10:07,32.30,22.30,25.66,8.07,7.66
2026-08-12 20:10:17,32.30,22.60,25.66,8.26,7.76
2026-08-12 20:10:27,32.20,22.50,25.81,8.11,7.69
2026-08-12 20:10:37,32.10,22.50,25.95,8.03,7.65
2026-08-12 20:10:47,32.10,22.60,25.95,8.10,7.68
2026-08-12 20:10:57,32.10,22.70,25.95,8.16,7.71
2026-08-12 20:11:07,32.00,22.70,26.10,8.08,7.67
2026-08-12 20:11:17,32.00,22.70,26.10,8.08,7.67
2026-08-12 20:11:27,31.90,23.00,26.25,8.19,7.73
2026-08-12 20:11:37,31.90,23.00,26.25,8.19,7.73
2026-08-12 20:11:47,31.80,23.10,26.40,8.17,7.73
2026-08-12 20:11:57,31.80,23.10,26.40,8.17,7.73
2026-08-12 20:12:07,31.80,23.60,26.40,8.48,7.89
2026-08-12 20:12:17,31.70,23.60,26.55,8.40,7.85
2026-08-12 20:12:27,31.70,23.20,26.55,8.15,7.72
2026-08-12 20:12:37,31.60,23.30,26.70,8.13,7.71
2026-08-12 20:12:47,31.60,23.30,26.70,8.13,7.71
2026-08-12 20:12:57,31.60,23.40,26.70,8.19,7.74
2026-08-12 20:13:07,31.50,23.30,26.85,8.04,7.67
2026-08-12 20:13:17,31.50,23.50,26.85,8.17,7.73
2026-08-12 20:13:27,31.40,23.50,27.01,8.09,7.69
2026-08-12 20:13:37,31.40,23.50,27.01,8.09,7.69
2026-08-12 20:13:47,31.30,23.80,27.16,8.19,7.75
2026-08-12 20:13:57,31.30,23.60,27.16,8.07,7.68
2026-08-12 20:14:07,31.30,23.80,27.16,8.19,7.75
2026-08-12 20:14:17,31.20,23.90,27.32,8.17,7.74
2026-08-12 20:14:27,31.20,24.30,27.32,8.41,7.87
2026-08-12 20:14:37,31.10,24.20,27.47,8.27,7.80
2026-08-12 20:14:47,31.10,24.60,27.47,8.51,7.92
2026-08-12 20:14:57,31.00,24.40,27.63,8.31,7.82
2026-08-12 20:15:07,31.00,24.50,27.63,8.37,7.85
2026-08-12 20:15:17,30.90,24.20,27.79,8.10,7.71
2026-08-12 20:15:27,30.90,24.30,27.79,8.16,7.74
2026-08-12 20:15:37,30.90,24.40,27.79,8.22,7.78
2026-08-12 20:15:47,30.80,24.60,27.95,8.26,7.80
2026-08-12 20:15:57,30.80,24.60,27.95,8.26,7.80
2026-08-12 20:16:07,30.70,24.50,28.11,8.11,7.72
2026-08-12 20:16:17,30.70,24.70,28.11,8.23,7.79
2026-08-12 20:16:27,30.60,24.70,28.27,8.15,7.74
2026-08-12 20:16:37,30.60,24.70,28.27,8.15,7.74
2026-08-12 20:16:47,30.50,24.70,28.43,8.06,7.70
2026-08-12 20:16:57,30.50,24.90,28.43,8.18,7.77
2026-08-12 20:17:07,30.40,25.00,28.60,8.16,7.75
2026-08-12 20:17:17,30.40,25.20,28.60,8.28,7.82
2026-08-12 20:17:27,30.30,25.20,28.76,8.19,7.77
2026-08-12 20:17:37,30.30,24.90,28.76,8.01,7.68
2026-08-12 20:17:47,30.20,25.20,28.93,8.11,7.73
2026-08-12 20:17:57,30.20,25.20,28.93,8.11,7.73
2026-08-12 20:18:07,30.10,25.10,29.09,7.96,7.66
2026-08-12 20:18:17,30.10,25.40,29.09,8.14,7.75
2026-08-12 20:18:27,30.00,25.50,29.26,8.11,7.74
2026-08-12 20:18:37,30.00,25.40,29.26,8.05,7.71
2026-08-12 20:18:47,30.00,25.40,29.26,8.05,7.71
2026-08-12 20:18:57,29.90,25.50,29.43,8.03,7.70
2026-08-12 20:19:07,29.90,25.60,29.43,8.08,7.73
2026-08-12 20:19:17,29.80,25.70,29.60,8.06,7.72
2026-08-12 20:19:27,29.70,25.70,29.77,7.97,7.68
2026-08-12 20:19:37,29.70,25.80,29.77,8.03,7.70
2026-08-12 20:19:47,29.70,25.90,29.77,8.09,7.73
2026-08-12 20:19:57,29.60,25.90,29.94,8.00,7.69
2026-08-12 20:20:07,29.50,26.10,30.12,8.03,7.71
2026-08-12 20:20:17,29.50,26.10,30.12,8.03,7.71
2026-08-12 20:20:27,29.50,26.20,30.12,8.09,7.74
2026-08-12 20:20:37,29.40,26.20,30.29,8.00,7.70
2026-08-12 20:20:47,29.40,26.30,30.29,8.06,7.73
2026-08-12 20:20:57,29.30,26.30,30.47,7.97,7.69
2026-08-12 20:21:07,29.30,26.30,30.47,7.97,7.69
2026-08-12 20:21:17,29.20,26.40,30.64,7.94,7.67
2026-08-12 20:21:27,29.20,26.40,30.64,7.94,7.67
2026-08-12 20:21:37,29.10,26.60,30.82,7.97,7.69
2026-08-12 20:21:47,29.10,26.60,30.82,7.97,7.69
2026-08-12 20:21:57,29.10,26.60,30.82,7.97,7.69
2026-08-12 20:22:07,29.00,26.70,31.00,7.94,7.68
2026-08-12 20:22:17,29.00,26.60,31.00,7.89,7.65
2026-08-12 20:22:27,28.90,27.00,31.18,8.02,7.72
2026-08-12 20:22:37,28.90,27.00,31.18,8.02,7.72
2026-08-12 20:22:47,28.90,27.00,31.18,8.02,7.72
2026-08-12 20:22:57,28.80,27.00,31.36,7.93,7.68
2026-08-12 20:23:07,28.80,26.90,31.36,7.88,7.65
2026-08-12 20:23:17,28.80,27.10,31.36,7.99,7.71
2026-08-12 20:23:27,28.70,27.10,31.54,7.90,7.66
2026-08-12 20:23:37,28.70,27.20,31.54,7.96,7.69
2026-08-12 20:23:47,28.70,27.50,31.54,8.12,7.78
2026-08-12 20:23:57,28.60,27.30,31.73,7.93,7.68
2026-08-12 20:24:07,28.60,27.10,31.73,7.82,7.62
2026-08-12 20:24:17,28.60,27.10,31.73,7.82,7.62
2026-08-12 20:24:27,28.50,27.20,31.91,7.79,7.61
2026-08-12 20:24:37,28.50,27.20,31.91,7.79,7.61
2026-08-12 20:24:47,28.50,27.20,31.91,7.79,7.61
2026-08-12 20:24:57,28.50,27.40,31.91,7.89,7.66
2026-08-12 20:25:07,28.50,27.60,31.91,8.00,7.72
2026-08-12 20:25:17,28.50,27.60,31.91,8.00,7.72
2026-08-12 20:25:27,28.40,27.40,32.10,7.81,7.62
2026-08-12 20:25:37,28.40,27.30,32.10,7.76,7.59
2026-08-12 20:25:47,28.30,27.30,32.29,7.67,7.55
2026-08-12 20:25:57,28.30,27.70,32.29,7.88,7.66
2026-08-12 20:26:07,28.30,27.50,32.29,7.78,7.61
2026-08-12 20:26:17,28.20,27.80,32.47,7.85,7.65
2026-08-12 20:26:27,28.20,27.70,32.47,7.80,7.62
2026-08-12 20:26:37,28.10,27.80,32.66,7.77,7.61
2026-08-12 20:26:47,28.10,27.90,32.66,7.82,7.63
2026-08-12 20:26:57,28.10,27.80,32.66,7.77,7.61
2026-08-12 20:27:07,28.00,27.80,32.85,7.68,7.56
2026-08-12 20:27:17,28.00,27.80,32.85,7.68,7.56
2026-08-12 20:27:27,27.90,27.80,33.05,7.59,7.52
2026-08-12 20:27:37,27.90,27.90,33.05,7.65,7.55
2026-08-12 20:27:47,27.90,27.80,33.05,7.59,7.52
2026-08-12 20:27:57,27.80,27.90,33.24,7.56,7.51
2026-08-12 20:28:07,27.80,27.90,33.24,7.56,7.51
2026-08-12 20:28:17,27.80,28.20,33.24,7.72,7.59
2026-08-12 20:28:27,27.70,28.20,33.44,7.63,7.55
2026-08-12 20:28:37,27.70,28.10,33.44,7.58,7.52
2026-08-12 20:28:47,27.70,28.10,33.44,7.58,7.52
2026-08-12 20:28:57,27.60,28.20,33.63,7.55,7.51
2026-08-12 20:29:07,27.60,28.40,33.63,7.65,7.56
2026-08-12 20:29:17,27.60,28.30,33.63,7.60,7.53
2026-08-12 20:29:27,27.50,28.40,33.83,7.57,7.52
2026-08-12 20:29:37,27.50,28.50,33.83,7.62,7.54
2026-08-12 20:29:47,27.50,28.60,33.83,7.67,7.57
2026-08-12 20:29:57,27.40,28.60,34.03,7.58,7.53
2026-08-12 20:30:07,27.40,28.70,34.03,7.63,7.56
2026-08-12 20:30:17,27.40,28.60,34.03,7.58,7.53
2026-08-12 20:30:27,27.30,28.70,34.23,7.55,7.51
2026-08-12 20:30:37,27.30,28.70,34.23,7.55,7.51
2026-08-12 20:30:47,27.30,28.60,34.23,7.50,7.49
2026-08-12 20:30:57,27.30,28.50,34.23,7.45,7.46
2026-08-12 20:31:07,27.20,28.80,34.43,7.51,7.50
2026-08-12 20:31:17,27.20,28.80,34.43,7.51,7.50
2026-08-12 20:31:27,27.10,28.90,34.63,7.48,7.48
2026-08-12 20:31:37,27.10,28.80,34.63,7.43,7.46
2026-08-12 20:31:47,27.10,28.80,34.63,7.43,7.46
2026-08-12 20:31:57,27.10,28.70,34.63,7.38,7.43
2026-08-12 20:32:07,27.10,28.90,34.63,7.48,7.48
2026-08-12 20:32:17,27.10,28.80,34.63,7.43,7.46
2026-08-12 20:32:27,27.00,28.90,34.84,7.39,7.44
2026-08-12 20:32:37,27.00,29.00,34.84,7.44,7.47
2026-08-12 20:32:47,27.00,29.10,34.84,7.49,7.49
2026-08-12 20:32:57,27.00,29.00,34.84,7.44,7.47
2026-08-12 20:33:07,27.00,29.10,34.84,7.49,7.49
2026-08-12 20:33:17,27.00,29.00,34.84,7.44,7.47
2026-08-12 20:33:27,26.90,29.30,35.04,7.51,7.50
2026-08-12 20:33:37,26.90,29.40,35.04,7.56,7.53
2026-08-12 20:33:47,26.90,29.10,35.04,7.41,7.45
2026-08-12 20:33:57,26.90,29.40,35.04,7.56,7.53
2026-08-12 20:34:07,26.90,29.40,35.04,7.56,7.53
2026-08-12 20:34:17,26.90,29.10,35.04,7.41,7.45
2026-08-12 20:34:27,26.90,29.50,35.04,7.61,7.55
2026-08-12 20:34:37,26.80,29.30,35.25,7.42,7.46
2026-08-12 20:34:47,26.90,29.40,35.04,7.56,7.53
2026-08-12 20:34:57,26.80,29.50,35.25,7.52,7.51
2026-08-12 20:35:07,26.80,29.60,35.25,7.57,7.54
2026-08-12 20:35:17,26.80,29.60,35.25,7.57,7.54
2026-08-12 20:35:27,26.80,29.70,35.25,7.62,7.56
2026-08-12 20:35:37,26.80,29.80,35.25,7.67,7.59
2026-08-12 20:35:47,26.70,29.80,35.46,7.58,7.55
2026-08-12 20:35:57,26.70,29.90,35.46,7.63,7.57
2026-08-12 20:36:07,26.70,30.30,35.46,7.83,7.67
2026-08-12 20:36:17,26.70,30.50,35.46,7.92,7.72
2026-08-12 20:36:27,26.70,30.80,35.46,8.07,7.80
2026-08-12 20:36:37,26.70,30.80,35.46,8.07,7.80
2026-08-12 20:36:47,26.60,30.70,35.67,7.93,7.73
2026-08-12 20:36:57,26.70,31.00,35.46,8.16,7.85
2026-08-12 20:37:07,26.60,30.90,35.67,8.03,7.78
2026-08-12 20:37:17,26.60,30.70,35.67,7.93,7.73
2026-08-12 20:37:27,26.60,30.60,35.67,7.89,7.71
2026-08-12 20:37:37,26.60,30.80,35.67,7.98,7.76
2026-08-12 20:37:47,26.60,31.00,35.67,8.08,7.81
2026-08-12 20:37:57,26.60,31.30,35.67,8.22,7.88
2026-08-12 20:38:07,26.60,31.50,35.67,8.31,7.93
2026-08-12 20:38:17,26.60,32.60,35.67,8.82,8.21
2026-08-12 20:38:27,26.60,32.80,35.67,8.91,8.26
2026-08-12 20:38:37,26.60,33.40,35.67,9.18,8.41
2026-08-12 20:38:47,26.60,33.80,35.67,9.36,8.51
2026-08-12 20:38:57,26.60,34.80,35.67,9.79,8.76
2026-08-12 20:39:07,26.60,35.80,35.67,10.22,9.02
2026-08-12 20:39:17,26.60,35.70,35.67,10.17,8.99
2026-08-12 20:39:27,26.60,36.90,35.67,10.67,9.29
2026-08-12 20:39:37,26.70,37.80,35.46,11.12,9.57
2026-08-12 20:39:47,26.80,38.20,35.25,11.37,9.73
2026-08-12 20:39:57,26.80,38.30,35.25,11.41,9.75
2026-08-12 20:40:07,26.80,38.70,35.25,11.57,9.85
2026-08-12 20:40:17,26.80,39.10,35.25,11.72,9.96
2026-08-12 20:40:27,26.80,38.40,35.25,11.45,9.78
2026-08-12 20:40:37,26.80,38.70,35.25,11.57,9.85
2026-08-12 20:40:47,26.90,39.00,35.04,11.77,9.99
2026-08-12 20:40:57,26.90,39.30,35.04,11.89,10.06
2026-08-12 20:41:07,26.90,40.20,35.04,12.23,10.29
2026-08-12 20:41:17,26.90,39.80,35.04,12.08,10.19
2026-08-12 20:41:27,26.90,39.40,35.04,11.93,10.09
2026-08-12 20:41:37,26.90,39.20,35.04,11.85,10.04
2026-08-12 20:41:47,27.00,38.90,34.84,11.82,10.02
2026-08-12 20:41:57,27.00,39.10,34.84,11.90,10.07
2026-08-12 20:42:07,27.00,39.10,34.84,11.90,10.07
2026-08-12 20:42:17,27.00,38.90,34.84,11.82,10.02
2026-08-12 20:42:27,27.00,38.90,34.84,11.82,10.02
2026-08-12 20:42:37,27.00,38.90,34.84,11.82,10.02
2026-08-12 20:42:47,27.00,39.20,34.84,11.94,10.09
2026-08-12 20:42:57,27.00,39.40,34.84,12.02,10.15
2026-08-12 20:43:07,27.00,39.50,34.84,12.05,10.17
2026-08-12 20:43:17,27.00,39.50,34.84,12.05,10.17
2026-08-12 20:43:27,27.00,40.00,34.84,12.25,10.30
2026-08-12 20:43:37,27.00,39.90,34.84,12.21,10.27
2026-08-12 20:43:47,27.00,39.80,34.84,12.17,10.25
2026-08-12 20:43:57,27.00,39.80,34.84,12.17,10.25
2026-08-12 20:44:07,27.10,39.90,34.63,12.30,10.33
2026-08-12 20:44:17,27.10,39.90,34.63,12.30,10.33
2026-08-12 20:44:27,27.10,40.40,34.63,12.49,10.46
2026-08-12 20:44:37,27.10,40.30,34.63,12.45,10.43
2026-08-12 20:44:47,27.10,40.30,34.63,12.45,10.43
2026-08-12 20:44:57,27.00,40.30,34.84,12.36,10.38
2026-08-12 20:45:07,27.00,40.10,34.84,12.28,10.33
2026-08-12 20:45:17,27.00,40.30,34.84,12.36,10.38
2026-08-12 20:45:27,27.00,40.70,34.84,12.51,10.48
2026-08-12 20:45:37,27.00,41.00,34.84,12.62,10.56
2026-08-12 20:45:47,27.00,41.10,34.84,12.66,10.58
2026-08-12 20:45:57,27.00,41.10,34.84,12.66,10.58
2026-08-12 20:46:07,27.00,41.10,34.84,12.66,10.58
2026-08-12 20:46:17,27.00,41.30,34.84,12.73,10.63
2026-08-12 20:46:27,27.00,41.50,34.84,12.81,10.69
2026-08-12 20:46:37,27.00,41.30,34.84,12.73,10.63
2026-08-12 20:46:47,27.00,41.80,34.84,12.92,10.76
2026-08-12 20:46:57,27.00,41.80,34.84,12.92,10.76
2026-08-12 20:47:07,27.00,42.40,34.84,13.14,10.92
2026-08-12 20:47:17,27.00,42.40,34.84,13.14,10.92
2026-08-12 20:47:27,27.00,42.80,34.84,13.28,11.02
2026-08-12 20:47:37,27.00,43.00,34.84,13.35,11.07
2026-08-12 20:47:47,27.00,43.20,34.84,13.42,11.12
2026-08-12 20:47:57,27.00,43.80,34.84,13.63,11.28
2026-08-12 20:48:07,27.00,43.70,34.84,13.60,11.25
2026-08-12 20:48:17,27.00,43.60,34.84,13.56,11.23
2026-08-12 20:48:27,27.00,43.90,34.84,13.67,11.30
2026-08-12 20:48:37,27.00,44.00,34.84,13.70,11.33
2026-08-12 20:48:47,27.00,44.60,34.84,13.91,11.48
2026-08-12 20:48:57,27.00,44.60,34.84,13.91,11.48
2026-08-12 20:49:07,27.00,44.80,34.84,13.98,11.54
2026-08-12 20:49:17,27.00,45.00,34.84,14.05,11.59
2026-08-12 20:49:27,27.00,44.70,34.84,13.95,11.51
2026-08-12 20:49:37,27.00,45.30,34.84,14.15,11.66
2026-08-12 20:49:47,27.00,45.40,34.84,14.19,11.69
2026-08-12 20:49:57,27.00,45.20,34.84,14.12,11.64
2026-08-12 20:50:07,27.00,45.40,34.84,14.19,11.69
2026-08-12 20:50:17,27.10,45.70,34.63,14.38,11.83
2026-08-12 20:50:27,27.10,45.80,34.63,14.41,11.86
2026-08-12 20:50:37,27.10,45.60,34.63,14.35,11.81
2026-08-12 20:50:47,27.10,45.80,34.63,14.41,11.86
2026-08-12 20:50:57,27.10,45.70,34.63,14.38,11.83
2026-08-12 20:51:07,27.10,45.50,34.63,14.31,11.78
2026-08-12 20:51:17,27.10,45.60,34.63,14.35,11.81
2026-08-12 20:51:27,27.10,45.90,34.63,14.45,11.88
2026-08-12 20:51:37,27.10,46.00,34.63,14.48,11.91
2026-08-12 20:51:47,27.10,46.00,34.63,14.48,11.91
2026-08-12 20:51:57,27.10,46.00,34.63,14.48,11.91
2026-08-12 20:52:07,27.10,46.10,34.63,14.52,11.94
2026-08-12 20:52:17,27.10,46.20,34.63,14.55,11.96
2026-08-12 20:52:27,27.10,46.40,34.63,14.62,12.01
2026-08-12 20:52:37,27.10,46.10,34.63,14.52,11.94
2026-08-12 20:52:47,27.20,46.50,34.43,14.74,12.11
2026-08-12 20:52:57,27.10,46.50,34.63,14.65,12.04
2026-08-12 20:53:07,27.20,47.10,34.43,14.94,12.26
2026-08-12 20:53:17,27.20,47.20,34.43,14.97,12.29
2026-08-12 20:53:27,27.20,47.30,34.43,15.01,12.32
2026-08-12 20:53:37,27.20,47.60,34.43,15.10,12.39
2026-08-12 20:53:47,27.30,47.30,34.23,15.10,12.38
2026-08-12 20:53:57,27.30,47.10,34.23,15.03,12.33
2026-08-12 20:54:07,27.30,47.50,34.23,15.16,12.44
2026-08-12 20:54:17,27.30,47.30,34.23,15.10,12.38
2026-08-12 20:54:27,27.30,47.20,34.23,15.06,12.36
2026-08-12 20:54:37,27.30,47.10,34.23,15.03,12.33
2026-08-12 20:54:47,27.30,47.10,34.23,15.03,12.33
2026-08-12 20:54:57,27.30,47.20,34.23,15.06,12.36
2026-08-12 20:55:07,27.30,47.10,34.23,15.03,12.33
2026-08-12 20:55:17,27.30,47.20,34.23,15.06,12.36
2026-08-12 20:55:27,27.30,47.10,34.23,15.03,12.33
2026-08-12 20:55:37,27.30,47.20,34.23,15.06,12.36
2026-08-12 20:55:47,27.30,47.20,34.23,15.06,12.36
2026-08-12 20:55:57,27.30,47.90,34.23,15.29,12.54
2026-08-12 20:56:07,27.30,47.80,34.23,15.26,12.51
2026-08-12 20:56:17,27.30,47.90,34.23,15.29,12.54
2026-08-12 20:56:27,27.30,47.90,34.23,15.29,12.54
2026-08-12 20:56:37,27.30,47.80,34.23,15.26,12.51
2026-08-12 20:56:47,27.40,48.10,34.03,15.45,12.66
2026-08-12 20:56:57,27.30,48.00,34.23,15.33,12.57
2026-08-12 20:57:07,27.30,47.90,34.23,15.29,12.54
2026-08-12 20:57:17,27.30,47.90,34.23,15.29,12.54
2026-08-12 20:57:27,27.40,47.80,34.03,15.35,12.58
2026-08-12 20:57:37,27.30,48.00,34.23,15.33,12.57
2026-08-12 20:57:47,27.40,48.00,34.03,15.42,12.64
2026-08-12 20:57:57,27.30,48.00,34.23,15.33,12.57
2026-08-12 20:58:07,27.30,48.00,34.23,15.33,12.57
2026-08-12 20:58:17,27.30,48.00,34.23,15.33,12.57
2026-08-12 20:58:27,27.40,48.10,34.03,15.45,12.66
2026-08-12 20:58:37,27.30,48.20,34.23,15.39,12.62
2026-08-12 20:58:47,27.30,48.40,34.23,15.45,12.67
2026-08-12 20:58:57,27.30,48.50,34.23,15.49,12.70
2026-08-12 20:59:07,27.30,48.40,34.23,15.45,12.67
2026-08-12 20:59:17,27.30,48.30,34.23,15.42,12.65
2026-08-12 20:59:27,27.30,48.40,34.23,15.45,12.67
2026-08-12 20:59:37,27.40,48.40,34.03,15.55,12.74
2026-08-12 20:59:47,27.30,48.40,34.23,15.45,12.67
2026-08-12 20:59:57,27.40,48.40,34.03,15.55,12.74
2026-08-12 21:00:07,27.40,48.50,34.03,15.58,12.77
2026-08-12 21:00:17,27.40,48.50,34.03,15.58,12.77
2026-08-12 21:00:27,27.30,48.60,34.23,15.52,12.72
2026-08-12 21:00:37,27.30,48.50,34.23,15.49,12.70
2026-08-12 21:00:47,27.30,48.50,34.23,15.49,12.70
2026-08-12 21:00:57,27.30,48.40,34.23,15.45,12.67
2026-08-12 21:01:07,27.30,48.50,34.23,15.49,12.70
2026-08-12 21:01:17,27.30,48.50,34.23,15.49,12.70
2026-08-12 21:01:27,27.30,48.50,34.23,15.49,12.70
2026-08-12 21:01:37,27.30,48.60,34.23,15.52,12.72
2026-08-12 21:01:47,27.30,48.70,34.23,15.55,12.75
2026-08-12 21:01:57,27.30,48.60,34.23,15.52,12.72
2026-08-12 21:02:07,27.30,48.70,34.23,15.55,12.75
2026-08-12 21:02:17,27.30,48.70,34.23,15.55,12.75
2026-08-12 21:02:27,27.30,48.90,34.23,15.62,12.80
2026-08-12 21:02:37,27.30,48.90,34.23,15.62,12.80
2026-08-12 21:02:47,27.30,49.00,34.23,15.65,12.83
2026-08-12 21:02:57,27.30,49.00,34.23,15.65,12.83
2026-08-12 21:03:07,27.20,48.90,34.43,15.52,12.73
2026-08-12 21:03:17,27.30,48.90,34.23,15.62,12.80
2026-08-12 21:03:27,27.30,48.90,34.23,15.62,12.80
2026-08-12 21:03:37,27.20,48.90,34.43,15.52,12.73
2026-08-12 21:03:47,27.20,49.00,34.43,15.56,12.76
2026-08-12 21:03:57,27.20,49.10,34.43,15.59,12.78
2026-08-12 21:04:07,27.20,49.10,34.43,15.59,12.78
2026-08-12 21:04:17,27.20,49.30,34.43,15.65,12.84
2026-08-12 21:04:27,27.20,49.20,34.43,15.62,12.81
2026-08-12 21:04:37,27.20,49.40,34.43,15.68,12.86
2026-08-12 21:04:47,27.20,49.40,34.43,15.68,12.86
2026-08-12 21:04:57,27.20,49.40,34.43,15.68,12.86
2026-08-12 21:05:07,27.20,49.30,34.43,15.65,12.84
2026-08-12 21:05:17,27.10,49.50,34.63,15.62,12.82
2026-08-12 21:05:27,27.10,49.60,34.63,15.65,12.84
2026-08-12 21:05:37,27.10,49.60,34.63,15.65,12.84
2026-08-12 21:05:47,27.10,49.70,34.63,15.69,12.87
2026-08-12 21:05:57,27.10,49.70,34.63,15.69,12.87
2026-08-12 21:06:07,27.10,49.80,34.63,15.72,12.89
