time,temp_c,rh_pct
2026-08-12 19:26:07,35.3,25.3
2026-08-12 19:26:17,35.4,20.5
2026-08-12 19:26:27,35.4,21.9
2026-08-12 19:26:37,35.5,21.0
2026-08-12 19:26:47,35.6,20.8
2026-08-12 19:26:57,35.7,20.5
2026-08-12 19:27:07,35.8,20.9
2026-08-12 19:27:17,35.8,20.9
2026-08-12 19:27:27,36.0,21.0
2026-08-12 19:27:37,36.0,20.5
2026-08-12 19:27:47,36.1,20.2
2026-08-12 19:27:57,36.2,20.5
2026-08-12 19:28:07,36.3,20.7
2026-08-12 19:28:17,36.4,20.6
2026-08-12 19:28:27,36.5,20.6
2026-08-12 19:28:37,36.5,20.4
2026-08-12 19:28:47,36.6,20.4
2026-08-12 19:28:57,36.7,20.1
2026-08-12 19:29:07,36.7,19.7
2026-08-12 19:29:17,36.8,19.2
2026-08-12 19:29:27,36.8,19.5
2026-08-12 19:29:37,36.9,20.3
2026-08-12 19:29:47,36.9,20.5
2026-08-12 19:29:57,37.0,20.1
2026-08-12 19:30:07,37.0,19.5
2026-08-12 19:30:17,37.1,19.8
2026-08-12 19:30:27,37.1,19.9
2026-08-12 19:30:37,37.1,19.6
2026-08-12 19:30:47,37.1,19.1
2026-08-12 19:30:57,37.2,19.6
2026-08-12 19:31:07,37.2,19.6
2026-08-12 19:31:17,37.2,19.6
2026-08-12 19:31:27,37.3,19.6
2026-08-12 19:31:37,37.3,19.7
2026-08-12 19:31:47,37.3,19.9
2026-08-12 19:31:57,37.4,19.2
2026-08-12 19:32:07,37.4,19.4
2026-08-12 19:32:17,37.4,19.3
2026-08-12 19:32:27,37.5,19.4
2026-08-12 19:32:37,37.5,19.6
2026-08-12 19:32:47,37.5,19.7
2026-08-12 19:32:57,37.6,19.6
2026-08-12 19:33:07,37.6,19.8
2026-08-12 19:33:17,37.6,19.2
2026-08-12 19:33:27,37.7,19.0
2026-08-12 19:33:37,37.7,18.6
2026-08-12 19:33:47,37.7,18.2
2026-08-12 19:33:57,37.7,18.5
2026-08-12 19:34:07,37.7,18.4
2026-08-12 19:34:17,37.7,18.7
2026-08-12 19:34:27,37.7,19.1
2026-08-12 19:34:37,37.7,18.8
2026-08-12 19:34:47,37.7,18.3
2026-08-12 19:34:57,37.7,18.5
2026-08-12 19:35:07,37.7,18.4
2026-08-12 19:35:17,37.6,18.2
2026-08-12 19:35:27,37.7,18.5
2026-08-12 19:35:37,37.6,18.5
2026-08-12 19:35:47,37.6,18.5
2026-08-12 19:35:57,37.6,18.8
2026-08-12 19:36:07,37.6,18.6
2026-08-12 19:36:17,37.6,17.9
2026-08-12 19:36:27,37.6,18.0
2026-08-12 19:36:37,37.5,17.7
2026-08-12 19:36:47,37.5,17.6
2026-08-12 19:36:57,37.5,17.4
2026-08-12 19:37:07,37.4,17.6
2026-08-12 19:37:17,37.4,17.7
2026-08-12 19:37:27,37.4,18.1
2026-08-12 19:37:37,37.4,18.1
2026-08-12 19:37:47,37.3,18.4
2026-08-12 19:37:57,37.3,18.7
2026-08-12 19:38:07,37.3,18.4
2026-08-12 19:38:17,37.3,18.1
2026-08-12 19:38:27,37.3,17.5
2026-08-12 19:38:37,37.3,17.9
2026-08-12 19:38:47,37.3,17.9
2026-08-12 19:38:57,37.2,17.4
2026-08-12 19:39:07,37.2,17.5
2026-08-12 19:39:17,37.2,18.5
2026-08-12 19:39:27,37.2,17.6
2026-08-12 19:39:37,37.2,18.4
2026-08-12 19:39:47,37.2,17.7
2026-08-12 19:39:57,37.2,18.0
2026-08-12 19:40:07,37.2,18.6
2026-08-12 19:40:17,37.2,18.5
2026-08-12 19:40:27,37.2,18.4
2026-08-12 19:40:37,37.1,17.5
2026-08-12 19:40:47,37.1,17.8
2026-08-12 19:40:57,37.0,17.8
2026-08-12 19:41:07,37.0,17.6
2026-08-12 19:41:17,37.0,18.2
2026-08-12 19:41:27,36.9,18.1
2026-08-12 19:41:37,36.8,18.2
2026-08-12 19:41:47,36.8,18.0
2026-08-12 19:41:57,36.8,18.5
2026-08-12 19:42:07,36.9,18.2
2026-08-12 19:42:17,36.9,18.5
2026-08-12 19:42:27,36.9,17.8
2026-08-12 19:42:37,36.9,18.2
2026-08-12 19:42:47,36.9,18.0
2026-08-12 19:42:57,36.8,18.1
2026-08-12 19:43:07,36.8,18.3
2026-08-12 19:43:17,36.8,18.3
2026-08-12 19:43:27,36.8,18.3
2026-08-12 19:43:37,36.8,18.8
2026-08-12 19:43:47,36.8,19.1
2026-08-12 19:43:57,36.7,18.4
2026-08-12 19:44:07,36.7,18.7
2026-08-12 19:44:17,36.7,18.5
2026-08-12 19:44:27,36.7,18.7
2026-08-12 19:44:37,36.7,18.8
2026-08-12 19:44:47,36.6,18.6
2026-08-12 19:44:57,36.6,18.9
2026-08-12 19:45:07,36.6,19.2
2026-08-12 19:45:17,36.6,18.2
2026-08-12 19:45:27,36.6,18.0
2026-08-12 19:45:37,36.6,18.2
2026-08-12 19:45:47,36.6,18.2
2026-08-12 19:45:57,36.6,18.7
2026-08-12 19:46:07,36.6,19.0
2026-08-12 19:46:17,36.6,18.9
2026-08-12 19:46:27,36.6,18.8
2026-08-12 19:46:37,36.6,18.8
2026-08-12 19:46:47,36.6,18.4
2026-08-12 19:46:57,36.6,18.7
2026-08-12 19:47:07,36.6,18.8
2026-08-12 19:47:17,36.6,18.9
2026-08-12 19:47:27,36.5,19.0
2026-08-12 19:47:37,36.5,18.3
2026-08-12 19:47:47,36.5,19.0
2026-08-12 19:47:57,36.5,18.7
2026-08-12 19:48:07,36.5,18.7
2026-08-12 19:48:17,36.4,18.7
2026-08-12 19:48:27,36.4,19.1
2026-08-12 19:48:37,36.4,19.0
2026-08-12 19:48:47,36.3,18.7
2026-08-12 19:48:57,36.3,18.8
2026-08-12 19:49:07,36.3,19.2
2026-08-12 19:49:17,36.3,19.1
2026-08-12 19:49:27,36.2,18.9
2026-08-12 19:49:37,36.2,19.0
2026-08-12 19:49:47,36.2,18.9
2026-08-12 19:49:57,36.1,19.0
2026-08-12 19:50:07,36.1,19.2
2026-08-12 19:50:17,36.0,18.6
2026-08-12 19:50:27,36.0,18.9
2026-08-12 19:50:37,35.9,18.6
2026-08-12 19:50:47,35.9,18.8
2026-08-12 19:50:57,35.9,19.3
2026-08-12 19:51:07,35.9,19.0
2026-08-12 19:51:17,35.8,19.2
2026-08-12 19:51:27,35.8,19.2
2026-08-12 19:51:37,35.7,19.0
2026-08-12 19:51:47,35.7,19.0
2026-08-12 19:51:57,35.7,19.0
2026-08-12 19:52:07,35.6,19.4
2026-08-12 19:52:17,35.6,18.8
2026-08-12 19:52:27,35.6,19.5
2026-08-12 19:52:37,35.5,19.8
2026-08-12 19:52:47,35.5,19.7
2026-08-12 19:52:57,35.5,19.6
2026-08-12 19:53:07,35.5,19.2
2026-08-12 19:53:17,35.4,19.5
2026-08-12 19:53:27,35.4,20.0
2026-08-12 19:53:37,35.4,19.6
2026-08-12 19:53:47,35.3,19.8
2026-08-12 19:53:57,35.3,19.8
2026-08-12 19:54:07,35.3,19.7
2026-08-12 19:54:17,35.3,20.1
2026-08-12 19:54:27,35.2,19.9
2026-08-12 19:54:37,35.2,19.8
2026-08-12 19:54:47,35.2,19.8
2026-08-12 19:54:57,35.1,20.2
2026-08-12 19:55:07,35.1,19.7
2026-08-12 19:55:17,35.1,19.4
2026-08-12 19:55:27,35.0,19.5
2026-08-12 19:55:37,35.0,19.6
2026-08-12 19:55:47,35.0,19.8
2026-08-12 19:55:57,34.9,19.6
2026-08-12 19:56:07,34.9,19.8
2026-08-12 19:56:17,34.9,19.7
2026-08-12 19:56:27,34.8,19.9
2026-08-12 19:56:37,34.8,20.0
2026-08-12 19:56:47,34.8,20.6
2026-08-12 19:56:57,34.8,20.7
2026-08-12 19:57:07,34.7,20.5
2026-08-12 19:57:17,34.7,20.6
2026-08-12 19:57:27,34.7,20.1
2026-08-12 19:57:37,34.7,20.4
2026-08-12 19:57:47,34.7,20.9
2026-08-12 19:57:57,34.7,20.7
2026-08-12 19:58:07,34.7,20.1
2026-08-12 19:58:17,34.6,20.6
2026-08-12 19:58:27,34.6,19.9
2026-08-12 19:58:37,34.6,20.3
2026-08-12 19:58:47,34.5,19.5
2026-08-12 19:58:57,34.5,19.7
2026-08-12 19:59:07,34.5,20.4
2026-08-12 19:59:17,34.5,20.7
2026-08-12 19:59:27,34.4,20.4
2026-08-12 19:59:37,34.4,20.2
2026-08-12 19:59:47,34.4,20.5
2026-08-12 19:59:57,34.3,20.5
2026-08-12 20:00:07,34.3,20.3
2026-08-12 20:00:17,34.3,20.1
2026-08-12 20:00:27,34.2,20.0
2026-08-12 20:00:37,34.2,19.7
2026-08-12 20:00:47,34.2,19.9
2026-08-12 20:00:57,34.1,20.9
2026-08-12 20:01:07,34.1,20.5
2026-08-12 20:01:17,34.1,20.2
2026-08-12 20:01:27,34.1,20.8
2026-08-12 20:01:37,34.0,21.0
2026-08-12 20:01:47,34.0,20.3
2026-08-12 20:01:57,34.0,20.4
2026-08-12 20:02:07,34.0,21.4
2026-08-12 20:02:17,33.9,20.8
2026-08-12 20:02:27,33.9,21.1
2026-08-12 20:02:37,33.9,20.5
2026-08-12 20:02:47,33.8,21.2
2026-08-12 20:02:57,33.8,20.8
2026-08-12 20:03:07,33.8,21.2
2026-08-12 20:03:17,33.7,20.8
2026-08-12 20:03:27,33.7,20.7
2026-08-12 20:03:37,33.7,20.9
2026-08-12 20:03:47,33.6,20.6
2026-08-12 20:03:57,33.6,20.6
2026-08-12 20:04:07,33.5,20.8
2026-08-12 20:04:17,33.5,21.4
2026-08-12 20:04:27,33.5,21.4
2026-08-12 20:04:37,33.5,21.4
2026-08-12 20:04:47,33.5,21.2
2026-08-12 20:04:57,33.4,21.2
2026-08-12 20:05:07,33.4,21.5
2026-08-12 20:05:17,33.4,20.8
2026-08-12 20:05:27,33.4,21.8
2026-08-12 20:05:37,33.3,21.6
2026-08-12 20:05:47,33.3,21.8
2026-08-12 20:05:57,33.2,21.4
2026-08-12 20:06:07,33.2,21.9
2026-08-12 20:06:17,33.2,21.6
2026-08-12 20:06:27,33.2,21.1
2026-08-12 20:06:37,33.1,20.9
2026-08-12 20:06:47,33.1,21.2
2026-08-12 20:06:57,33.0,21.5
2026-08-12 20:07:07,33.0,21.6
2026-08-12 20:07:17,33.0,21.6
2026-08-12 20:07:27,33.0,22.0
2026-08-12 20:07:37,32.9,21.8
2026-08-12 20:07:47,32.8,22.1
2026-08-12 20:07:57,32.8,21.6
2026-08-12 20:08:07,32.8,21.8
2026-08-12 20:08:17,32.7,21.7
2026-08-12 20:08:27,32.7,21.8
2026-08-12 20:08:37,32.6,21.9
2026-08-12 20:08:47,32.6,22.1
2026-08-12 20:08:57,32.6,22.0
2026-08-12 20:09:07,32.5,22.3
2026-08-12 20:09:17,32.5,22.3
2026-08-12 20:09:27,32.5,22.4
2026-08-12 20:09:37,32.4,21.9
2026-08-12 20:09:47,32.4,22.1
2026-08-12 20:09:57,32.3,22.0
2026-08-12 20:10:07,32.3,22.3
2026-08-12 20:10:17,32.3,22.6
2026-08-12 20:10:27,32.2,22.5
2026-08-12 20:10:37,32.1,22.5
2026-08-12 20:10:47,32.1,22.6
2026-08-12 20:10:57,32.1,22.7
2026-08-12 20:11:07,32.0,22.7
2026-08-12 20:11:17,32.0,22.7
2026-08-12 20:11:27,31.9,23.0
2026-08-12 20:11:37,31.9,23.0
2026-08-12 20:11:47,31.8,23.1
2026-08-12 20:11:57,31.8,23.1
2026-08-12 20:12:07,31.8,23.6
2026-08-12 20:12:17,31.7,23.6
2026-08-12 20:12:27,31.7,23.2
2026-08-12 20:12:37,31.6,23.3
2026-08-12 20:12:47,31.6,23.3
2026-08-12 20:12:57,31.6,23.4
2026-08-12 20:13:07,31.5,23.3
2026-08-12 20:13:17,31.5,23.5
2026-08-12 20:13:27,31.4,23.5
2026-08-12 20:13:37,31.4,23.5
2026-08-12 20:13:47,31.3,23.8
2026-08-12 20:13:57,31.3,23.6
2026-08-12 20:14:07,31.3,23.8
2026-08-12 20:14:17,31.2,23.9
2026-08-12 20:14:27,31.2,24.3
2026-08-12 20:14:37,31.1,24.2
2026-08-12 20:14:47,31.1,24.6
2026-08-12 20:14:57,31.0,24.4
2026-08-12 20:15:07,31.0,24.5
2026-08-12 20:15:17,30.9,24.2
2026-08-12 20:15:27,30.9,24.3
2026-08-12 20:15:37,30.9,24.4
2026-08-12 20:15:47,30.8,24.6
2026-08-12 20:15:57,30.8,24.6
2026-08-12 20:16:07,30.7,24.5
2026-08-12 20:16:17,30.7,24.7
2026-08-12 20:16:27,30.6,24.7
2026-08-12 20:16:37,30.6,24.7
2026-08-12 20:16:47,30.5,24.7
2026-08-12 20:16:57,30.5,24.9
2026-08-12 20:17:07,30.4,25.0
2026-08-12 20:17:17,30.4,25.2
2026-08-12 20:17:27,30.3,25.2
2026-08-12 20:17:37,30.3,24.9
2026-08-12 20:17:47,30.2,25.2
2026-08-12 20:17:57,30.2,25.2
2026-08-12 20:18:07,30.1,25.1
2026-08-12 20:18:17,30.1,25.4
2026-08-12 20:18:27,30.0,25.5
2026-08-12 20:18:37,30.0,25.4
2026-08-12 20:18:47,30.0,25.4
2026-08-12 20:18:57,29.9,25.5
2026-08-12 20:19:07,29.9,25.6
2026-08-12 20:19:17,29.8,25.7
2026-08-12 20:19:27,29.7,25.7
2026-08-12 20:19:37,29.7,25.8
2026-08-12 20:19:47,29.7,25.9
2026-08-12 20:19:57,29.6,25.9
2026-08-12 20:20:07,29.5,26.1
2026-08-12 20:20:17,29.5,26.1
2026-08-12 20:20:27,29.5,26.2
2026-08-12 20:20:37,29.4,26.2
2026-08-12 20:20:47,29.4,26.3
2026-08-12 20:20:57,29.3,26.3
2026-08-12 20:21:07,29.3,26.3
2026-08-12 20:21:17,29.2,26.4
2026-08-12 20:21:27,29.2,26.4
2026-08-12 20:21:37,29.1,26.6
2026-08-12 20:21:47,29.1,26.6
2026-08-12 20:21:57,29.1,26.6
2026-08-12 20:22:07,29.0,26.7
2026-08-12 20:22:17,29.0,26.6
2026-08-12 20:22:27,28.9,27.0
2026-08-12 20:22:37,28.9,27.0
2026-08-12 20:22:47,28.9,27.0
2026-08-12 20:22:57,28.8,27.0
2026-08-12 20:23:07,28.8,26.9
2026-08-12 20:23:17,28.8,27.1
2026-08-12 20:23:27,28.7,27.1
2026-08-12 20:23:37,28.7,27.2
2026-08-12 20:23:47,28.7,27.5
2026-08-12 20:23:57,28.6,27.3
2026-08-12 20:24:07,28.6,27.1
2026-08-12 20:24:17,28.6,27.1
2026-08-12 20:24:27,28.5,27.2
2026-08-12 20:24:37,28.5,27.2
2026-08-12 20:24:47,28.5,27.2
2026-08-12 20:24:57,28.5,27.4
2026-08-12 20:25:07,28.5,27.6
2026-08-12 20:25:17,28.5,27.6
2026-08-12 20:25:27,28.4,27.4
2026-08-12 20:25:37,28.4,27.3
2026-08-12 20:25:47,28.3,27.3
2026-08-12 20:25:57,28.3,27.7
2026-08-12 20:26:07,28.3,27.5
2026-08-12 20:26:17,28.2,27.8
2026-08-12 20:26:27,28.2,27.7
2026-08-12 20:26:37,28.1,27.8
2026-08-12 20:26:47,28.1,27.9
2026-08-12 20:26:57,28.1,27.8
2026-08-12 20:27:07,28.0,27.8
2026-08-12 20:27:17,28.0,27.8
2026-08-12 20:27:27,27.9,27.8
2026-08-12 20:27:37,27.9,27.9
2026-08-12 20:27:47,27.9,27.8
2026-08-12 20:27:57,27.8,27.9
2026-08-12 20:28:07,27.8,27.9
2026-08-12 20:28:17,27.8,28.2
2026-08-12 20:28:27,27.7,28.2
2026-08-12 20:28:37,27.7,28.1
2026-08-12 20:28:47,27.7,28.1
2026-08-12 20:28:57,27.6,28.2
2026-08-12 20:29:07,27.6,28.4
2026-08-12 20:29:17,27.6,28.3
2026-08-12 20:29:27,27.5,28.4
2026-08-12 20:29:37,27.5,28.5
2026-08-12 20:29:47,27.5,28.6
2026-08-12 20:29:57,27.4,28.6
2026-08-12 20:30:07,27.4,28.7
2026-08-12 20:30:17,27.4,28.6
2026-08-12 20:30:27,27.3,28.7
2026-08-12 20:30:37,27.3,28.7
2026-08-12 20:30:47,27.3,28.6
2026-08-12 20:30:57,27.3,28.5
2026-08-12 20:31:07,27.2,28.8
2026-08-12 20:31:17,27.2,28.8
2026-08-12 20:31:27,27.1,28.9
2026-08-12 20:31:37,27.1,28.8
2026-08-12 20:31:47,27.1,28.8
2026-08-12 20:31:57,27.1,28.7
2026-08-12 20:32:07,27.1,28.9
2026-08-12 20:32:17,27.1,28.8
2026-08-12 20:32:27,27.0,28.9
2026-08-12 20:32:37,27.0,29.0
2026-08-12 20:32:47,27.0,29.1
2026-08-12 20:32:57,27.0,29.0
2026-08-12 20:33:07,27.0,29.1
2026-08-12 20:33:17,27.0,29.0
2026-08-12 20:33:27,26.9,29.3
2026-08-12 20:33:37,26.9,29.4
2026-08-12 20:33:47,26.9,29.1
2026-08-12 20:33:57,26.9,29.4
2026-08-12 20:34:07,26.9,29.4
2026-08-12 20:34:17,26.9,29.1
2026-08-12 20:34:27,26.9,29.5
2026-08-12 20:34:37,26.8,29.3
2026-08-12 20:34:47,26.9,29.4
2026-08-12 20:34:57,26.8,29.5
2026-08-12 20:35:07,26.8,29.6
2026-08-12 20:35:17,26.8,29.6
2026-08-12 20:35:27,26.8,29.7
2026-08-12 20:35:37,26.8,29.8
2026-08-12 20:35:47,26.7,29.8
2026-08-12 20:35:57,26.7,29.9
2026-08-12 20:36:07,26.7,30.3
2026-08-12 20:36:17,26.7,30.5
2026-08-12 20:36:27,26.7,30.8
2026-08-12 20:36:37,26.7,30.8
2026-08-12 20:36:47,26.6,30.7
2026-08-12 20:36:57,26.7,31.0
2026-08-12 20:37:07,26.6,30.9
2026-08-12 20:37:17,26.6,30.7
2026-08-12 20:37:27,26.6,30.6
2026-08-12 20:37:37,26.6,30.8
2026-08-12 20:37:47,26.6,31.0
2026-08-12 20:37:57,26.6,31.3
2026-08-12 20:38:07,26.6,31.5
2026-08-12 20:38:17,26.6,32.6
2026-08-12 20:38:27,26.6,32.8
2026-08-12 20:38:37,26.6,33.4
2026-08-12 20:38:47,26.6,33.8
2026-08-12 20:38:57,26.6,34.8
2026-08-12 20:39:07,26.6,35.8
2026-08-12 20:39:17,26.6,35.7
2026-08-12 20:39:27,26.6,36.9
2026-08-12 20:39:37,26.7,37.8
2026-08-12 20:39:47,26.8,38.2
2026-08-12 20:39:57,26.8,38.3
2026-08-12 20:40:07,26.8,38.7
2026-08-12 20:40:17,26.8,39.1
2026-08-12 20:40:27,26.8,38.4
2026-08-12 20:40:37,26.8,38.7
2026-08-12 20:40:47,26.9,39.0
2026-08-12 20:40:57,26.9,39.3
2026-08-12 20:41:07,26.9,40.2
2026-08-12 20:41:17,26.9,39.8
2026-08-12 20:41:27,26.9,39.4
2026-08-12 20:41:37,26.9,39.2
2026-08-12 20:41:47,27.0,38.9
2026-08-12 20:41:57,27.0,39.1
2026-08-12 20:42:07,27.0,39.1
2026-08-12 20:42:17,27.0,38.9
2026-08-12 20:42:27,27.0,38.9
2026-08-12 20:42:37,27.0,38.9
2026-08-12 20:42:47,27.0,39.2
2026-08-12 20:42:57,27.0,39.4
2026-08-12 20:43:07,27.0,39.5
2026-08-12 20:43:17,27.0,39.5
2026-08-12 20:43:27,27.0,40.0
2026-08-12 20:43:37,27.0,39.9
2026-08-12 20:43:47,27.0,39.8
2026-08-12 20:43:57,27.0,39.8
2026-08-12 20:44:07,27.1,39.9
2026-08-12 20:44:17,27.1,39.9
2026-08-12 20:44:27,27.1,40.4
2026-08-12 20:44:37,27.1,40.3
2026-08-12 20:44:47,27.1,40.3
2026-08-12 20:44:57,27.0,40.3
2026-08-12 20:45:07,27.0,40.1
2026-08-12 20:45:17,27.0,40.3
2026-08-12 20:45:27,27.0,40.7
2026-08-12 20:45:37,27.0,41.0
2026-08-12 20:45:47,27.0,41.1
2026-08-12 20:45:57,27.0,41.1
2026-08-12 20:46:07,27.0,41.1
2026-08-12 20:46:17,27.0,41.3
2026-08-12 20:46:27,27.0,41.5
2026-08-12 20:46:37,27.0,41.3
2026-08-12 20:46:47,27.0,41.8
2026-08-12 20:46:57,27.0,41.8
2026-08-12 20:47:07,27.0,42.4
2026-08-12 20:47:17,27.0,42.4
2026-08-12 20:47:27,27.0,42.8
2026-08-12 20:47:37,27.0,43.0
2026-08-12 20:47:47,27.0,43.2
2026-08-12 20:47:57,27.0,43.8
2026-08-12 20:48:07,27.0,43.7
2026-08-12 20:48:17,27.0,43.6
2026-08-12 20:48:27,27.0,43.9
2026-08-12 20:48:37,27.0,44.0
2026-08-12 20:48:47,27.0,44.6
2026-08-12 20:48:57,27.0,44.6
2026-08-12 20:49:07,27.0,44.8
2026-08-12 20:49:17,27.0,45.0
2026-08-12 20:49:27,27.0,44.7
2026-08-12 20:49:37,27.0,45.3
2026-08-12 20:49:47,27.0,45.4
2026-08-12 20:49:57,27.0,45.2
2026-08-12 20:50:07,27.0,45.4
2026-08-12 20:50:17,27.1,45.7
2026-08-12 20:50:27,27.1,45.8
2026-08-12 20:50:37,27.1,45.6
2026-08-12 20:50:47,27.1,45.8
2026-08-12 20:50:57,27.1,45.7
2026-08-12 20:51:07,27.1,45.5
2026-08-12 20:51:17,27.1,45.6
2026-08-12 20:51:27,27.1,45.9
2026-08-12 20:51:37,27.1,46.0
2026-08-12 20:51:47,27.1,46.0
2026-08-12 20:51:57,27.1,46.0
2026-08-12 20:52:07,27.1,46.1
2026-08-12 20:52:17,27.1,46.2
2026-08-12 20:52:27,27.1,46.4
2026-08-12 20:52:37,27.1,46.1
2026-08-12 20:52:47,27.2,46.5
2026-08-12 20:52:57,27.1,46.5
2026-08-12 20:53:07,27.2,47.1
2026-08-12 20:53:17,27.2,47.2
2026-08-12 20:53:27,27.2,47.3
2026-08-12 20:53:37,27.2,47.6
2026-08-12 20:53:47,27.3,47.3
2026-08-12 20:53:57,27.3,47.1
2026-08-12 20:54:07,27.3,47.5
2026-08-12 20:54:17,27.3,47.3
2026-08-12 20:54:27,27.3,47.2
2026-08-12 20:54:37,27.3,47.1
2026-08-12 20:54:47,27.3,47.1
2026-08-12 20:54:57,27.3,47.2
2026-08-12 20:55:07,27.3,47.1
2026-08-12 20:55:17,27.3,47.2
2026-08-12 20:55:27,27.3,47.1
2026-08-12 20:55:37,27.3,47.2
2026-08-12 20:55:47,27.3,47.2
2026-08-12 20:55:57,27.3,47.9
2026-08-12 20:56:07,27.3,47.8
2026-08-12 20:56:17,27.3,47.9
2026-08-12 20:56:27,27.3,47.9
2026-08-12 20:56:37,27.3,47.8
2026-08-12 20:56:47,27.4,48.1
2026-08-12 20:56:57,27.3,48.0
2026-08-12 20:57:07,27.3,47.9
2026-08-12 20:57:17,27.3,47.9
2026-08-12 20:57:27,27.4,47.8
2026-08-12 20:57:37,27.3,48.0
2026-08-12 20:57:47,27.4,48.0
2026-08-12 20:57:57,27.3,48.0
2026-08-12 20:58:07,27.3,48.0
2026-08-12 20:58:17,27.3,48.0
2026-08-12 20:58:27,27.4,48.1
2026-08-12 20:58:37,27.3,48.2
2026-08-12 20:58:47,27.3,48.4
2026-08-12 20:58:57,27.3,48.5
2026-08-12 20:59:07,27.3,48.4
2026-08-12 20:59:17,27.3,48.3
2026-08-12 20:59:27,27.3,48.4
2026-08-12 20:59:37,27.4,48.4
2026-08-12 20:59:47,27.3,48.4
2026-08-12 20:59:57,27.4,48.4
2026-08-12 21:00:07,27.4,48.5
2026-08-12 21:00:17,27.4,48.5
2026-08-12 21:00:27,27.3,48.6
2026-08-12 21:00:37,27.3,48.5
2026-08-12 21:00:47,27.3,48.5
2026-08-12 21:00:57,27.3,48.4
2026-08-12 21:01:07,27.3,48.5
2026-08-12 21:01:17,27.3,48.5
2026-08-12 21:01:27,27.3,48.5
2026-08-12 21:01:37,27.3,48.6
2026-08-12 21:01:47,27.3,48.7
2026-08-12 21:01:57,27.3,48.6
2026-08-12 21:02:07,27.3,48.7
2026-08-12 21:02:17,27.3,48.7
2026-08-12 21:02:27,27.3,48.9
2026-08-12 21:02:37,27.3,48.9
2026-08-12 21:02:47,27.3,49.0
2026-08-12 21:02:57,27.3,49.0
2026-08-12 21:03:07,27.2,48.9
2026-08-12 21:03:17,27.3,48.9
2026-08-12 21:03:27,27.3,48.9
2026-08-12 21:03:37,27.2,48.9
2026-08-12 21:03:47,27.2,49.0
2026-08-12 21:03:57,27.2,49.1
2026-08-12 21:04:07,27.2,49.1
2026-08-12 21:04:17,27.2,49.3
2026-08-12 21:04:27,27.2,49.2
2026-08-12 21:04:37,27.2,49.4
2026-08-12 21:04:47,27.2,49.4
2026-08-12 21:04:57,27.2,49.4
2026-08-12 21:05:07,27.2,49.3
2026-08-12 21:05:17,27.1,49.5
2026-08-12 21:05:27,27.1,49.6
2026-08-12 21:05:37,27.1,49.6
2026-08-12 21:05:47,27.1,49.7
2026-08-12 21:05:57,27.1,49.7
2026-08-12 21:06:07,27.1,49.8
